person_id,email,name,company_id,role,importance_level,source_type,first_seen_date
10000,normandaniel@example.com,Shannon Alvarado,5164,engineer,medium,community,2024-07-15 01:00:00
10001,calderondanny@example.net,James Castillo,5067,cto,medium,community,2024-01-04 04:00:00
10002,brettparrish@example.net,Aaron Newton,5040,engineer,low,customer,2024-11-04 11:00:00
10003,nsmith@example.org,Grace Anderson,5084,data_scientist,low,community,2024-07-22 16:00:00
10004,natalie26@example.net,Emily Lopez,5072,devops,medium,customer,2024-05-29 14:00:00
10005,annfleming@example.net,Jamie Lee,5080,engineer,low,community,2024-03-03 11:00:00
10006,antonio13@example.org,Christine Brown,5134,cto,low,customer,2024-08-06 06:00:00
10007,samuel45@example.com,Andrew Evans,5111,engineer,low,customer,2024-11-26 23:00:00
10008,jpeters@example.net,Felicia Sanchez,5028,influencer,medium,community,2024-11-24 04:00:00
10009,iwagner@example.com,Patricia King,5036,researcher,medium,community,2024-10-31 10:00:00
10010,taylornixon@example.com,Kimberly Love,5166,influencer,low,customer,2024-11-14 01:00:00
10011,xdavis@example.net,Christopher Edwards,5021,engineer,medium,customer,2024-11-18 14:00:00
10012,willie29@example.com,Angela Rodriguez,5165,engineer,low,community,2024-05-13 09:00:00
10013,mezabrittany@example.com,Nicholas Johnson,5121,influencer,high,customer,2024-02-05 04:00:00
10014,hobrien@example.com,Judith Bowman,5195,engineer,low,customer,2024-11-28 00:00:00
10015,katie11@example.com,Taylor Livingston,5123,engineer,medium,influencer,2024-02-20 04:00:00
10016,daisygomez@example.net,Mary Higgins,5106,researcher,medium,partner,2024-10-13 09:00:00
10017,dfisher@example.org,Jenna Brady,5077,data_scientist,high,partner,2024-04-06 05:00:00
10018,wvilla@example.net,Charles Gordon,5089,researcher,medium,partner,2024-01-12 23:00:00
10019,delacruzdavid@example.com,Jonathan Bowman,5148,data_scientist,medium,customer,2024-04-27 16:00:00
10020,restrada@example.com,Daniel Castro,5110,engineer,medium,customer,2024-08-08 09:00:00
10021,tdiaz@example.com,Jacob Anderson,5076,researcher,medium,customer,2024-06-29 15:00:00
10022,hstewart@example.org,Kevin Mitchell,5074,student,medium,customer,2024-03-07 00:00:00
10023,haassarah@example.org,Richard Rodriguez,5018,ceo,low,community,2024-02-15 04:00:00
10024,mscott@example.com,Ashley Guerrero,5157,consultant,low,community,2024-08-02 04:00:00
10025,castanedalinda@example.com,Mr. Michael Sanchez,5064,engineer,medium,hire,2024-10-13 18:00:00
10026,jenniferwebster@example.org,Sue Kemp,5063,consultant,high,customer,2024-11-22 21:00:00
10027,davidhunter@example.com,Donald Young,5064,engineer,low,community,2024-01-13 17:00:00
10028,nmiller@example.com,Rachel Burgess,5065,ceo,medium,customer,2024-03-17 08:00:00
10029,amandadaniel@example.org,Kaitlyn Madden,5184,student,low,hire,2024-07-11 14:00:00
10030,tcruz@example.com,Paul Perez,5037,product_manager,medium,customer,2024-11-25 15:00:00
10031,gregorybarton@example.com,Dennis Romero,5094,cto,high,partner,2024-09-27 09:00:00
10032,carpenterjesse@example.com,Amber Brewer,5138,ceo,low,customer,2024-07-31 09:00:00
10033,melanie72@example.net,Martin Harris,5136,cto,high,hire,2024-07-11 10:00:00
10034,michellemiller@example.org,Diana Gonzalez,5186,engineer,low,customer,2024-12-20 16:00:00
10035,michaeldavid@example.org,Amy Brown,5177,student,low,customer,2024-09-07 05:00:00
10036,kristina45@example.org,Darren Sherman,5111,engineer,medium,influencer,2024-08-01 14:00:00
10037,campbelljulia@example.net,David Garcia,5047,engineer,low,customer,2024-12-06 12:00:00
10038,stoutkenneth@example.com,Larry Curtis,5127,product_manager,low,community,2024-05-12 23:00:00
10039,marcus11@example.net,Dr. Lacey Myers,5141,engineer,low,partner,2024-07-18 04:00:00
10040,ajenkins@example.com,Dawn Harper,5133,engineer,low,customer,2024-10-07 20:00:00
10041,dustinmarsh@example.com,Amber Ruiz,5056,product_manager,low,customer,2024-03-16 21:00:00
10042,pagerachel@example.com,Megan Robbins,5179,engineer,low,community,2024-12-08 21:00:00
10043,bryandebra@example.net,Jason Robinson,5131,engineer,low,customer,2024-10-16 11:00:00
10044,shannonsutton@example.net,Steven Browning,5016,cto,low,hire,2024-09-13 00:00:00
10045,ykelly@example.com,Christina Wright,5078,cto,medium,customer,2024-04-11 18:00:00
10046,ulevy@example.com,Heather Rivera,5011,engineer,low,partner,2024-12-20 13:00:00
10047,pboyd@example.net,Mark Mejia,5182,engineer,low,customer,2024-10-29 21:00:00
10048,freynolds@example.net,Daniel Mccarthy,5117,ceo,medium,community,2024-05-21 07:00:00
10049,dmcneil@example.org,John Townsend,5031,engineer,low,community,2024-12-19 15:00:00
10050,steelebrandon@example.com,Shawn Owens,5111,devops,medium,community,2024-05-29 12:00:00
10051,drussell@example.org,Joshua Watson,5063,engineer,high,customer,2024-09-09 22:00:00
10052,coledanielle@example.net,Jeffrey Campbell,5009,engineer,low,community,2024-02-04 21:00:00
10053,darlenebrown@example.net,Hannah Brown,5120,product_manager,low,customer,2024-06-13 23:00:00
10054,rchase@example.net,Ann White,5151,engineer,low,community,2024-08-01 21:00:00
10055,pcoleman@example.org,Amanda Price,5118,product_manager,low,community,2024-02-07 03:00:00
10056,christinamills@example.org,Stacey Smith,5076,student,low,hire,2024-03-06 19:00:00
10057,stephanie93@example.com,Lisa Gomez,5023,engineer,low,hire,2024-10-24 13:00:00
10058,coheneric@example.com,Philip Gonzales,5005,engineer,medium,community,2024-10-11 16:00:00
10059,jamielittle@example.net,Lisa Medina,5085,engineer,medium,community,2024-07-25 04:00:00
10060,johndiaz@example.com,Caleb Thompson,5004,student,high,customer,2024-03-24 14:00:00
10061,yprice@example.com,Julie Wang,5087,engineer,low,hire,2024-07-20 09:00:00
10062,zparker@example.org,Jason Bell,5057,engineer,low,partner,2024-02-14 04:00:00
10063,andrewbenson@example.net,Allison Lopez,5172,engineer,low,customer,2024-01-05 21:00:00
10064,jay00@example.net,Kimberly Wilson,5121,researcher,medium,customer,2024-09-17 14:00:00
10065,mariahowell@example.com,Janice Callahan,5174,data_scientist,medium,customer,2024-11-25 13:00:00
10066,sheena04@example.org,Rebecca Daniels,5146,student,high,customer,2024-05-11 15:00:00
10067,melissatravis@example.com,Michael Beard,5149,engineer,medium,customer,2024-06-30 21:00:00
10068,harmoncynthia@example.com,Ashley Evans,5157,cto,medium,influencer,2024-12-19 05:00:00
10069,rodriguezjoshua@example.com,Anna Collins,5002,cto,medium,customer,2024-08-23 01:00:00
10070,ryan76@example.org,Kim Rose,5174,researcher,high,partner,2024-10-30 16:00:00
10071,bradshawhannah@example.com,Courtney Bates,5018,cto,low,hire,2024-09-24 19:00:00
10072,pstewart@example.com,Elizabeth Robles,5119,product_manager,medium,community,2024-05-24 19:00:00
10073,tara86@example.org,Sarah Chapman,5020,data_scientist,medium,partner,2024-02-22 22:00:00
10074,cbrown@example.org,Michael Lane,5109,devops,medium,customer,2024-04-12 01:00:00
10075,brandonsanford@example.net,Natalie Cox,5134,product_manager,low,hire,2024-05-19 09:00:00
10076,clarkkatherine@example.com,Philip Lewis,5171,student,high,community,2024-02-15 07:00:00
10077,rebekahdavidson@example.org,Patrick Evans,5160,researcher,low,hire,2024-07-10 13:00:00
10078,warrenbrenda@example.com,Julie Stewart,5184,engineer,low,hire,2024-11-18 01:00:00
10079,kevin81@example.org,Scott Vasquez,5147,devops,medium,partner,2024-09-05 19:00:00
10080,zmoore@example.org,Benjamin Walters,5057,engineer,high,customer,2024-03-26 06:00:00
10081,garciarebecca@example.org,Kayla Garcia,5031,consultant,medium,influencer,2024-06-16 13:00:00
10082,nsutton@example.com,Ashley Baldwin,5040,student,medium,customer,2024-12-04 03:00:00
10083,john02@example.org,Lee Haynes,5048,data_scientist,low,influencer,2024-04-26 00:00:00
10084,dbaldwin@example.com,Russell Velasquez,5047,student,medium,community,2024-02-22 16:00:00
10085,joel88@example.com,Ryan Adkins,5182,cto,low,community,2024-05-13 14:00:00
10086,rodney34@example.com,David Stewart,5024,engineer,high,customer,2024-02-14 19:00:00
10087,howard90@example.net,Cynthia Steele,5032,engineer,medium,community,2024-10-28 05:00:00
10088,vanessa30@example.net,William Evans,5017,engineer,low,influencer,2024-02-22 08:00:00
10089,haleyhunter@example.net,Justin Edwards,5153,student,medium,community,2024-12-24 03:00:00
10090,joycemegan@example.org,Andrew Hughes,5135,cto,low,partner,2024-11-17 19:00:00
10091,bmitchell@example.net,Kelly Maxwell,5070,cto,low,hire,2024-02-15 20:00:00
10092,mnash@example.net,Jeffrey Cooper,5192,ceo,low,partner,2024-05-18 00:00:00
10093,whitejoseph@example.net,Cristian Turner,5105,researcher,medium,customer,2024-05-14 14:00:00
10094,seanwalter@example.net,Andres Mcdaniel,5000,product_manager,low,community,2024-04-27 21:00:00
10095,lucastimothy@example.com,Debra Gomez,5122,engineer,low,community,2024-11-21 01:00:00
10096,kayladunn@example.com,Angelica Callahan,5096,student,medium,customer,2024-08-26 00:00:00
10097,mirandamichael@example.com,Nicholas Hansen,5068,influencer,low,customer,2024-06-20 18:00:00
10098,christopherjohnston@example.net,Ariana Cole,5022,influencer,low,community,2024-07-17 07:00:00
10099,smithamy@example.net,Mr. Terry Davis,5136,product_manager,low,community,2024-01-21 01:00:00
10100,nicolewhite@example.org,Denise Phillips,5153,ceo,low,community,2024-04-17 22:00:00
10101,vgibson@example.net,Teresa Robinson,5197,influencer,medium,partner,2024-05-12 20:00:00
10102,stephanietaylor@example.net,Beth Cummings,5016,product_manager,medium,hire,2024-09-11 05:00:00
10103,laramadison@example.org,Robert Thornton,5186,product_manager,medium,hire,2024-10-28 00:00:00
10104,joshua16@example.com,Megan Brown,5054,product_manager,low,community,2024-12-01 18:00:00
10105,michaelhensley@example.org,Ashley Harrell,5024,engineer,medium,customer,2024-09-26 22:00:00
10106,david78@example.net,Louis Bryant,5190,ceo,low,hire,2024-10-05 15:00:00
10107,qsimmons@example.com,Melissa Yates,5139,engineer,low,hire,2024-08-04 22:00:00
10108,susan64@example.net,Cory Harris,5003,engineer,high,hire,2024-06-12 12:00:00
10109,nmorales@example.net,Duane Mason,5011,cto,low,hire,2024-06-23 04:00:00
10110,michaeldelgado@example.org,Kimberly Yates,5198,student,low,customer,2024-02-24 22:00:00
10111,pjohnson@example.org,Daniel Jones,5070,engineer,low,community,2024-07-10 07:00:00
10112,martinezsamantha@example.org,Michelle Mckee,5165,engineer,medium,partner,2024-02-28 11:00:00
10113,pamela47@example.org,Kayla Mcguire,5063,engineer,medium,community,2024-09-29 06:00:00
10114,craigjamie@example.org,Michele Lawrence,5167,engineer,low,hire,2024-08-07 16:00:00
10115,warrenbrianna@example.org,Kevin Hansen,5197,ceo,medium,customer,2024-07-23 19:00:00
10116,kyle61@example.net,Marie Johnson,5024,consultant,low,customer,2024-12-24 01:00:00
10117,bbrooks@example.com,Nathan Dennis,5197,cto,low,influencer,2024-08-16 04:00:00
10118,rhonda63@example.org,Morgan Hodges,5120,product_manager,low,customer,2024-09-21 18:00:00
10119,jasongarza@example.com,David Vega,5078,engineer,low,influencer,2024-12-31 18:00:00
10120,holly56@example.net,Paul Romero,5011,engineer,medium,hire,2024-06-15 23:00:00
10121,karazimmerman@example.net,Dr. Eric Roberson,5183,data_scientist,low,influencer,2024-02-23 09:00:00
10122,uallen@example.org,Dwayne Sims,5008,engineer,medium,influencer,2024-09-05 23:00:00
10123,westjoshua@example.com,Scott Johnson,5151,data_scientist,low,hire,2024-09-15 08:00:00
10124,lucaspatricia@example.net,Lindsay Reese,5063,cto,low,hire,2024-09-21 04:00:00
10125,lisa84@example.com,Matthew Huber,5136,data_scientist,low,customer,2024-09-20 16:00:00
10126,kjoseph@example.com,Michael Freeman,5079,data_scientist,low,community,2024-01-20 07:00:00
10127,floresjennifer@example.org,Lauren Johnson,5082,engineer,low,community,2024-03-02 00:00:00
10128,mendozajonathan@example.org,Nichole Miller,5157,engineer,low,customer,2024-05-07 12:00:00
10129,watsongeorge@example.org,Laura Meyers,5102,engineer,low,customer,2024-07-27 14:00:00
10130,jeremypearson@example.net,Mary Scott,5070,engineer,medium,customer,2024-06-16 15:00:00
10131,michelleklein@example.org,Terri Harris,5181,devops,low,community,2024-02-26 05:00:00
10132,arivers@example.org,Adam George,5161,data_scientist,low,customer,2024-06-20 13:00:00
10133,julie43@example.org,Robin Graham,5001,ceo,low,community,2024-12-27 21:00:00
10134,williamsjames@example.net,Tina Perry,5042,researcher,medium,customer,2024-12-25 16:00:00
10135,mary57@example.org,Jason Hall,5024,researcher,low,community,2024-09-25 01:00:00
10136,thomasleah@example.org,Bradley Alexander,5059,ceo,low,community,2024-01-19 18:00:00
10137,jacob74@example.com,Robin Blair,5080,consultant,high,influencer,2024-04-04 00:00:00
10138,ortizjoseph@example.com,Sean Mckinney,5078,product_manager,medium,hire,2024-02-16 18:00:00
10139,laurengibbs@example.org,Michelle Benson,5052,product_manager,low,community,2024-03-05 02:00:00
10140,ubarnes@example.org,John Russell,5188,consultant,low,customer,2024-05-17 09:00:00
10141,combschristopher@example.org,Joshua Stephenson,5035,ceo,low,community,2024-07-06 03:00:00
10142,timothyjones@example.net,Natalie Rodriguez,5167,cto,medium,customer,2024-03-19 01:00:00
10143,schultzstacy@example.org,Ryan Garza,5147,influencer,medium,hire,2024-08-26 13:00:00
10144,nhill@example.org,Tiffany Brown,5087,engineer,low,community,2024-08-16 21:00:00
10145,allencatherine@example.net,Melvin Nunez,5088,cto,medium,community,2024-03-06 15:00:00
10146,ojohnson@example.net,Susan Frost,5181,cto,medium,community,2024-12-08 11:00:00
10147,iraymond@example.org,Mrs. Laura Brock,5126,ceo,low,customer,2024-12-15 00:00:00
10148,kjacobs@example.org,Ricky Long,5127,product_manager,medium,customer,2024-06-29 05:00:00
10149,sharonmiller@example.org,Michael Holden,5198,engineer,low,partner,2024-05-02 02:00:00
10150,gonzalezcarol@example.net,Duane Adams,5086,devops,high,partner,2024-05-04 16:00:00
10151,richardpowers@example.net,Keith Oliver,5121,cto,medium,community,2024-12-01 09:00:00
10152,conniemorse@example.org,Rachel Dudley,5033,engineer,medium,hire,2024-03-25 00:00:00
10153,melissa03@example.net,Christopher Watkins,5049,engineer,high,hire,2024-07-22 21:00:00
10154,lisa70@example.org,Paul Williams,5043,researcher,high,customer,2024-08-19 07:00:00
10155,jesseowens@example.com,Michael Schneider,5090,cto,low,customer,2024-06-04 14:00:00
10156,christopher92@example.org,Jamie Quinn,5046,engineer,medium,customer,2024-04-30 22:00:00
10157,nburns@example.org,Andrew Sutton,5104,engineer,high,customer,2024-03-20 00:00:00
10158,dlyons@example.com,William Rojas,5082,engineer,low,customer,2024-01-16 15:00:00
10159,rollinschris@example.net,Jaime Scott,5147,devops,low,community,2024-03-17 10:00:00
10160,garrettnatasha@example.net,Rachael Fletcher,5139,influencer,high,community,2024-04-06 10:00:00
10161,leeshawn@example.net,Collin Mora,5083,devops,low,customer,2024-01-07 14:00:00
10162,btaylor@example.com,Chad Giles,5177,cto,high,customer,2024-07-23 06:00:00
10163,brianthomas@example.net,Samuel Hancock,5194,engineer,low,partner,2024-04-06 21:00:00
10164,epowers@example.com,Felicia Case,5082,cto,low,customer,2024-11-25 22:00:00
10165,nelsonbradley@example.com,Kerry Guzman,5096,engineer,low,customer,2024-05-26 20:00:00
10166,stricklandanthony@example.net,Christopher Hunt DVM,5105,consultant,medium,customer,2024-12-01 21:00:00
10167,tiffanysutton@example.com,Keith Lang,5025,engineer,low,community,2024-12-20 10:00:00
10168,vsloan@example.org,Jeffrey Moore,5110,engineer,low,community,2024-09-01 13:00:00
10169,keithdrake@example.com,Natalie Melton,5014,ceo,low,community,2024-05-22 22:00:00
10170,ellisandrew@example.com,James Johnston,5043,ceo,low,hire,2024-01-03 10:00:00
10171,tanya08@example.org,Ryan King,5107,engineer,medium,customer,2024-01-31 17:00:00
10172,william60@example.com,William Barr,5166,data_scientist,low,community,2024-07-03 02:00:00
10173,bsmith@example.net,Sean Rivera,5052,student,high,customer,2024-02-29 07:00:00
10174,wallacematthew@example.org,Stephen Davis,5144,student,medium,hire,2024-06-10 01:00:00
10175,jchang@example.com,Adam Sandoval,5087,student,low,customer,2024-12-08 03:00:00
10176,andrewobrien@example.com,Dana Grant,5049,cto,medium,customer,2024-10-30 03:00:00
10177,zacharyparsons@example.net,Sharon Thompson,5173,engineer,medium,customer,2024-04-05 05:00:00
10178,aaronreed@example.net,Luis Dyer,5186,cto,medium,influencer,2024-09-22 02:00:00
10179,michaelgonzales@example.net,Edward Bean,5101,data_scientist,medium,customer,2024-04-24 15:00:00
10180,briannielsen@example.org,Mitchell Watson,5152,ceo,low,community,2024-04-15 12:00:00
10181,xpatton@example.net,Deborah Yang,5129,researcher,low,partner,2024-04-01 10:00:00
10182,melissamendoza@example.net,Stephanie Soto,5181,data_scientist,low,community,2024-01-08 14:00:00
10183,ydean@example.net,John Miller,5185,product_manager,low,influencer,2024-07-07 18:00:00
10184,megan97@example.net,William Byrd,5041,engineer,low,partner,2024-10-28 17:00:00
10185,hsmith@example.com,Sarah Dean,5004,influencer,low,community,2024-12-29 09:00:00
10186,heatherjohnson@example.net,Justin Diaz,5133,engineer,low,customer,2024-03-26 04:00:00
10187,griffinjames@example.com,Amanda Williams,5130,engineer,medium,hire,2024-03-14 00:00:00
10188,allenmark@example.com,Teresa Barnett,5149,engineer,low,customer,2024-12-31 00:00:00
10189,miranda89@example.org,Amanda Braun,5108,engineer,medium,customer,2024-10-18 01:00:00
10190,snyderrenee@example.net,Jeremy Shannon,5013,student,low,customer,2024-02-05 22:00:00
10191,richard30@example.org,Aaron Grant,5003,product_manager,low,hire,2024-08-14 01:00:00
10192,john56@example.org,Robert Guerrero,5134,student,low,customer,2024-09-12 09:00:00
10193,smithnicholas@example.net,Jane Chavez,5054,engineer,low,customer,2024-05-10 19:00:00
10194,krandolph@example.com,Kyle Johnson,5166,cto,high,partner,2024-12-27 08:00:00
10195,moorejennifer@example.net,Alison Henderson,5111,consultant,low,partner,2024-07-30 06:00:00
10196,ypierce@example.net,Jesse Thomas,5115,cto,medium,customer,2024-07-15 02:00:00
10197,kelleytammy@example.com,Chad James,5151,researcher,medium,influencer,2024-01-08 12:00:00
10198,bvargas@example.com,Colton Brooks,5007,data_scientist,low,customer,2024-10-14 10:00:00
10199,williamsjohn@example.org,Alexis Johnson,5115,consultant,low,customer,2024-09-30 16:00:00
10200,garciagabriela@example.com,Kurt Hayden,5183,cto,low,community,2024-07-20 13:00:00
10201,boydjessica@example.org,Erik Rogers,5071,engineer,low,customer,2024-11-23 05:00:00
10202,morrisdavid@example.org,Karen Powell,5196,engineer,low,customer,2024-03-30 17:00:00
10203,joshuaray@example.net,John Brown,5183,student,low,customer,2024-07-30 04:00:00
10204,mhernandez@example.net,Nathaniel Cole,5135,student,medium,community,2024-10-24 08:00:00
10205,randallanthony@example.com,Brandi Bullock,5107,consultant,medium,influencer,2024-09-26 14:00:00
10206,schwartzjohn@example.net,George Wilson,5094,engineer,low,hire,2024-02-23 04:00:00
10207,simmonsandrew@example.org,Melanie Nolan,5140,devops,low,customer,2024-12-14 14:00:00
10208,johnbrown@example.org,James King,5179,data_scientist,low,customer,2024-04-10 10:00:00
10209,bryantlisa@example.net,Walter Hampton,5040,student,high,customer,2024-08-06 16:00:00
10210,wgutierrez@example.org,Gary Garcia,5003,influencer,low,customer,2024-12-17 06:00:00
10211,jeremiah27@example.org,Hannah Sims,5051,engineer,medium,hire,2024-05-15 16:00:00
10212,erica22@example.com,Patrick Young,5026,engineer,medium,customer,2024-10-26 07:00:00
10213,kelly15@example.org,April Stanley,5010,engineer,low,community,2024-08-02 19:00:00
10214,milleranthony@example.net,Timothy Booker,5106,student,low,community,2024-04-29 11:00:00
10215,lauren98@example.net,Christina Thomas,5129,devops,low,hire,2024-05-06 21:00:00
10216,boothamanda@example.com,Kristen Flores,5095,researcher,medium,community,2024-07-19 23:00:00
10217,uwilliams@example.org,Daniel Johnson,5124,product_manager,high,hire,2024-10-05 22:00:00
10218,wesley04@example.org,Kimberly Thomas,5052,consultant,medium,customer,2024-09-18 22:00:00
10219,derek00@example.net,Jennifer Flores,5011,consultant,low,community,2024-01-30 18:00:00
10220,jeremy19@example.org,Carrie Burnett,5083,engineer,low,customer,2024-04-17 22:00:00
10221,lisaramirez@example.net,Tammy Spencer,5132,devops,medium,customer,2024-04-09 17:00:00
10222,medinaelizabeth@example.org,Dustin Higgins,5126,product_manager,medium,hire,2024-08-23 17:00:00
10223,xhowe@example.org,Karen Kelly,5129,engineer,high,partner,2024-04-19 13:00:00
10224,alexandrajohnson@example.net,Julie Bennett,5075,product_manager,low,community,2024-03-01 22:00:00
10225,vryan@example.com,Kristin Short,5137,cto,low,customer,2024-12-01 02:00:00
10226,fernandezemily@example.com,Emily Walker,5144,engineer,low,community,2024-05-07 07:00:00
10227,jennifer28@example.com,Shannon Phillips,5102,product_manager,low,partner,2024-01-18 02:00:00
10228,ethan10@example.org,Robert Castillo,5068,cto,medium,community,2024-02-12 07:00:00
10229,marcusmoreno@example.net,Gary Moore,5059,product_manager,medium,hire,2024-11-21 18:00:00
10230,adiaz@example.org,Amanda Maddox,5089,researcher,low,customer,2024-01-15 09:00:00
10231,williammedina@example.org,Shannon Lawrence,5187,engineer,low,influencer,2024-03-29 16:00:00
10232,whitecharles@example.com,Keith Hayden,5033,data_scientist,low,customer,2024-08-02 09:00:00
10233,tonya92@example.org,Thomas Watts,5164,ceo,high,customer,2024-02-25 03:00:00
10234,ofoley@example.com,Teresa Bauer,5020,student,low,influencer,2024-04-16 15:00:00
10235,vbrown@example.org,Kelly Beck,5064,devops,medium,customer,2024-09-13 07:00:00
10236,nmccarthy@example.net,Jessica Curtis,5135,engineer,medium,customer,2024-09-29 08:00:00
10237,gonzalezchristine@example.org,Lance Cordova,5062,data_scientist,medium,hire,2024-12-11 12:00:00
10238,davidshepard@example.org,Danny Meadows,5130,influencer,medium,hire,2024-10-31 07:00:00
10239,christopher71@example.org,Amanda Ashley,5084,engineer,low,community,2024-11-29 20:00:00
10240,destiny83@example.com,Lisa Robinson,5175,engineer,low,community,2024-11-01 08:00:00
10241,joshua98@example.net,Jacob Powell,5198,engineer,low,customer,2024-09-08 21:00:00
10242,sclarke@example.net,Tiffany Byrd,5078,cto,low,customer,2024-04-02 11:00:00
10243,dawn10@example.com,Joseph Henderson,5109,student,low,community,2024-02-19 19:00:00
10244,linda13@example.org,William Willis,5014,product_manager,low,community,2024-12-13 18:00:00
10245,edward01@example.com,Brittany Silva,5158,product_manager,low,community,2024-06-23 19:00:00
10246,crystal19@example.org,Anna Sullivan,5120,product_manager,low,customer,2024-05-16 00:00:00
10247,patrickmoore@example.org,Adrian Cooper,5127,data_scientist,high,customer,2024-10-20 19:00:00
10248,rcalderon@example.org,Virginia Ortiz,5083,engineer,low,customer,2024-11-07 12:00:00
10249,christophermarshall@example.org,Kristin Dudley,5051,data_scientist,high,influencer,2024-05-05 02:00:00
10250,lholden@example.com,Mark Anderson,5141,cto,low,customer,2024-11-27 12:00:00
10251,richard79@example.org,Christopher Jones,5127,devops,medium,customer,2024-09-22 05:00:00
10252,brandonsimpson@example.net,Kathleen Fisher,5153,devops,low,customer,2024-12-18 17:00:00
10253,clarktravis@example.org,Brandon Meyer,5071,engineer,medium,customer,2024-08-07 15:00:00
10254,phillipschristina@example.org,David Anderson,5199,researcher,low,customer,2024-04-22 05:00:00
10255,stacy83@example.org,Tanya Jones,5188,product_manager,low,community,2024-04-13 16:00:00
10256,michelle49@example.net,Mary Burnett,5162,product_manager,low,community,2024-08-27 16:00:00
10257,briankelly@example.net,Edward Austin,5007,cto,low,community,2024-02-09 23:00:00
10258,brittney86@example.com,Audrey Sanchez,5024,influencer,low,community,2024-11-06 17:00:00
10259,tiffany63@example.org,Desiree Gonzalez,5112,engineer,high,customer,2024-07-09 03:00:00
10260,amandaburns@example.com,Juan Sanchez,5177,engineer,medium,partner,2024-06-25 08:00:00
10261,turnerallison@example.org,Brittany Hudson,5032,engineer,medium,customer,2024-12-11 20:00:00
10262,katielee@example.com,Jerry Farrell,5169,engineer,low,influencer,2024-07-08 05:00:00
10263,karengallegos@example.net,Tracy Wilkinson,5144,engineer,low,community,2024-10-25 15:00:00
10264,lauren41@example.net,Cindy Baker,5064,engineer,medium,community,2024-06-16 01:00:00
10265,jason15@example.com,Karina Hall,5089,student,low,community,2024-12-12 03:00:00
10266,kylie30@example.net,Carla Garcia,5110,student,low,influencer,2024-04-11 18:00:00
10267,rabbott@example.net,Kevin Hendrix,5073,student,low,customer,2024-05-05 16:00:00
10268,erikajames@example.com,Jesse Stone,5091,engineer,low,customer,2024-08-12 07:00:00
10269,rebecca45@example.org,Maria Bailey,5026,data_scientist,low,community,2024-07-02 00:00:00
10270,kerrmary@example.net,Nancy James MD,5093,devops,medium,hire,2024-10-28 20:00:00
10271,ckent@example.net,Amy Becker,5011,engineer,low,customer,2024-09-18 02:00:00
10272,dmorris@example.com,Timothy Baker,5112,devops,low,community,2024-07-19 09:00:00
10273,wesleyking@example.net,Christine Moore,5051,data_scientist,low,customer,2024-09-15 13:00:00
10274,whitneykennedy@example.org,Jorge Phillips,5171,researcher,low,customer,2024-10-24 18:00:00
10275,stonediana@example.com,Mary Parker,5079,consultant,low,community,2024-05-22 07:00:00
10276,tmorse@example.com,Riley Thomas,5120,cto,medium,community,2024-11-28 16:00:00
10277,ycampbell@example.net,Paula Ford,5122,engineer,medium,hire,2024-03-12 07:00:00
10278,bharmon@example.net,Bethany Graham,5029,product_manager,low,customer,2024-07-18 15:00:00
10279,williamthompson@example.net,Karina Reyes,5074,product_manager,low,customer,2024-09-14 09:00:00
10280,mitchellwilliams@example.net,Mark Salazar,5085,engineer,medium,hire,2024-09-18 06:00:00
10281,david93@example.org,Robert Rojas,5164,data_scientist,low,customer,2024-02-17 00:00:00
10282,vthomas@example.net,Heather Anderson,5172,engineer,low,influencer,2024-03-10 16:00:00
10283,diane16@example.com,Edward Webb,5062,engineer,low,customer,2024-08-15 05:00:00
10284,jessica64@example.org,Alan Wood,5173,product_manager,medium,hire,2024-04-17 20:00:00
10285,cindyjohnson@example.com,Connor Melendez,5107,engineer,low,community,2024-12-27 23:00:00
10286,craigmarks@example.net,Timothy Smith,5001,engineer,low,community,2024-10-28 05:00:00
10287,danielle52@example.net,Christopher Powell,5140,cto,low,customer,2024-01-18 20:00:00
10288,alexamoses@example.org,Patrick Kramer,5013,engineer,low,community,2024-10-05 00:00:00
10289,brian89@example.org,Desiree Rivas,5135,product_manager,low,hire,2024-01-12 18:00:00
10290,matthewbrewer@example.org,Rebecca Johnston,5074,ceo,low,customer,2024-07-19 23:00:00
10291,zacharywilliams@example.com,Richard Brewer,5158,engineer,low,influencer,2024-04-03 19:00:00
10292,rcampbell@example.net,Amanda Nelson,5010,data_scientist,low,hire,2024-03-26 04:00:00
10293,dwayne18@example.net,Patrick Carter,5002,engineer,high,hire,2024-06-12 18:00:00
10294,manuelpetersen@example.net,Kathryn Travis,5106,researcher,low,community,2024-11-26 11:00:00
10295,tgalvan@example.org,Peggy Garcia,5135,engineer,low,community,2024-01-20 17:00:00
10296,scottking@example.com,Alex Kelly,5112,engineer,low,customer,2024-05-18 13:00:00
10297,vzamora@example.com,James Reid,5082,engineer,low,partner,2024-05-02 02:00:00
10298,tonymaldonado@example.org,Paul Morgan,5114,researcher,low,community,2024-06-15 08:00:00
10299,brianpierce@example.com,Courtney Patterson,5134,consultant,medium,customer,2024-01-11 04:00:00
10300,gabriellemorris@example.org,Travis Perez,5060,student,low,customer,2024-02-05 23:00:00
10301,yherman@example.org,Crystal Campbell,5176,product_manager,low,customer,2024-12-16 06:00:00
10302,agraham@example.com,Julie Lewis,5140,cto,high,hire,2024-07-05 00:00:00
10303,melissa94@example.org,Dennis Stokes,5114,engineer,low,community,2024-03-11 01:00:00
10304,nealstephanie@example.net,Lisa Evans,5041,engineer,medium,hire,2024-03-17 14:00:00
10305,jeffersonbrett@example.org,Michael Williamson,5033,researcher,medium,customer,2024-12-13 15:00:00
10306,cgarcia@example.org,Stephanie Lewis,5108,engineer,low,customer,2024-08-31 22:00:00
10307,fjohnson@example.com,Thomas Knight,5082,influencer,low,influencer,2024-10-01 23:00:00
10308,calhoundarryl@example.net,David Mora,5099,cto,medium,hire,2024-01-28 00:00:00
10309,nicholecharles@example.org,Christopher Stark,5105,engineer,medium,customer,2024-12-02 03:00:00
10310,samanthabrown@example.com,Micheal Burke,5040,product_manager,medium,hire,2024-01-26 00:00:00
10311,mackdiane@example.org,Laura Brown,5056,engineer,low,community,2024-12-09 20:00:00
10312,harmonholly@example.com,Melanie Douglas,5194,data_scientist,medium,influencer,2024-01-30 19:00:00
10313,gracethomas@example.com,Vanessa Joyce,5008,engineer,medium,customer,2024-12-06 07:00:00
10314,robinsonsierra@example.com,Shawn Jones,5067,devops,high,customer,2024-08-16 22:00:00
10315,tracithomas@example.com,Debbie Kennedy,5162,engineer,low,hire,2024-11-12 15:00:00
10316,stephen64@example.org,Michele Duncan,5058,engineer,low,customer,2024-02-24 15:00:00
10317,ysavage@example.com,Jodi Fisher PhD,5172,data_scientist,low,customer,2024-04-21 02:00:00
10318,justin19@example.net,Valerie Noble,5081,researcher,medium,community,2024-12-08 15:00:00
10319,xmarsh@example.net,Joshua Garcia,5080,engineer,low,customer,2024-12-24 08:00:00
10320,nathaniel17@example.net,Kevin Blackwell,5198,engineer,high,hire,2024-01-12 17:00:00
10321,tranmarie@example.com,Dawn Gray,5056,devops,low,influencer,2024-06-01 03:00:00
10322,scotthenry@example.org,Morgan Villa,5090,engineer,medium,hire,2024-11-13 00:00:00
10323,rogersmatthew@example.net,Fernando Howe,5180,influencer,medium,customer,2024-09-09 08:00:00
10324,xdominguez@example.org,Heather Alvarez,5143,engineer,low,customer,2024-10-01 03:00:00
10325,ginawilliams@example.com,Kathleen Jacobs,5070,student,low,customer,2024-04-11 12:00:00
10326,hgonzales@example.com,Brianna Washington,5188,cto,low,customer,2024-03-02 21:00:00
10327,qmartinez@example.org,Michael Gonzales,5045,consultant,low,community,2024-05-30 17:00:00
10328,deborahmccarthy@example.net,April Brown,5006,product_manager,high,customer,2024-10-17 12:00:00
10329,johnnycopeland@example.net,Jeremy Maldonado,5034,cto,medium,partner,2024-07-16 14:00:00
10330,william98@example.org,Blake Hernandez,5013,engineer,low,influencer,2024-03-28 16:00:00
10331,timothymoore@example.org,David Levine,5086,student,medium,customer,2024-11-30 18:00:00
10332,eugenelara@example.com,Shawn Archer,5126,engineer,high,hire,2024-02-07 15:00:00
10333,kimberly42@example.net,Alex Cochran,5018,data_scientist,low,customer,2024-05-10 22:00:00
10334,joseph92@example.net,Joseph Flores,5101,engineer,low,partner,2024-08-25 08:00:00
10335,ifuller@example.org,Adrian Wyatt,5097,ceo,medium,partner,2024-09-29 20:00:00
10336,laurie81@example.com,Derek Brown,5026,engineer,low,customer,2024-04-19 16:00:00
10337,terryjoseph@example.net,April Roth,5163,engineer,low,partner,2024-11-03 18:00:00
10338,pmoreno@example.net,Andrea Smith,5101,engineer,low,customer,2024-01-05 13:00:00
10339,nelsonjoseph@example.org,Kevin Prince,5066,data_scientist,low,customer,2024-03-31 23:00:00
10340,leebriggs@example.net,Alexis Fox,5159,student,low,customer,2024-07-01 01:00:00
10341,adrianhall@example.com,Joshua Wilson,5025,influencer,high,influencer,2024-10-22 15:00:00
10342,kingedward@example.org,Claudia Alvarez,5192,product_manager,low,community,2024-11-02 20:00:00
10343,cherylbell@example.com,Eric Hernandez MD,5097,engineer,low,community,2024-10-30 07:00:00
10344,mcdonaldchristina@example.org,Kristen Silva,5022,cto,medium,customer,2024-08-26 09:00:00
10345,cmorales@example.com,Michael Wright,5164,cto,low,influencer,2024-08-09 12:00:00
10346,gilbertbenjamin@example.net,Brittney Rogers,5147,product_manager,low,customer,2024-07-13 07:00:00
10347,wphillips@example.com,Adam Stein,5123,influencer,low,community,2024-02-16 04:00:00
10348,robert68@example.org,Joshua Owens,5035,engineer,low,customer,2024-01-16 12:00:00
10349,ronald19@example.net,Donna Cummings,5039,engineer,medium,hire,2024-08-16 08:00:00
10350,devinburke@example.org,Jason Evans,5055,devops,low,community,2024-05-08 17:00:00
10351,wongjamie@example.net,Christine Evans,5041,researcher,medium,influencer,2024-05-13 05:00:00
10352,jamesfrey@example.org,Allison Brown,5147,ceo,high,hire,2024-08-20 09:00:00
10353,jperez@example.net,Mr. William Ward,5189,engineer,low,customer,2024-10-30 00:00:00
10354,anitalopez@example.com,Sandra Lawrence,5101,cto,low,customer,2024-02-08 16:00:00
10355,npayne@example.net,Thomas Peterson,5127,engineer,low,customer,2024-01-05 17:00:00
10356,hwalton@example.net,Kristina Hill,5167,student,medium,community,2024-06-20 05:00:00
10357,carpenterheidi@example.com,George Watson,5163,product_manager,low,hire,2024-12-19 20:00:00
10358,matthew71@example.org,Alison Lewis,5163,engineer,medium,customer,2024-02-23 08:00:00
10359,blam@example.org,Melody Hess,5041,engineer,medium,community,2024-05-03 07:00:00
10360,gilesmegan@example.org,Patricia Robinson,5035,engineer,low,influencer,2024-08-08 01:00:00
10361,michelle32@example.org,Deborah Anthony,5047,researcher,low,influencer,2024-07-17 00:00:00
10362,hodgetiffany@example.org,Amy Brown,5097,engineer,medium,community,2024-10-06 13:00:00
10363,whitejack@example.com,Alexander Phillips,5172,engineer,low,community,2024-08-06 10:00:00
10364,stantonmichelle@example.com,Sharon Avery,5150,devops,medium,customer,2024-01-27 22:00:00
10365,chloeball@example.net,Frances Johnson,5057,ceo,low,customer,2024-12-10 12:00:00
10366,brenda96@example.com,Julie Rodriguez,5043,engineer,low,influencer,2024-12-04 07:00:00
10367,ayalabrittany@example.com,Steven Lawrence,5003,engineer,low,hire,2024-01-27 03:00:00
10368,charleshunter@example.com,Anita Smith,5022,engineer,low,hire,2024-06-09 15:00:00
10369,bweaver@example.com,James Marshall,5027,researcher,medium,hire,2024-12-08 02:00:00
10370,reneedavis@example.net,Cesar Lee,5117,engineer,low,customer,2024-09-11 03:00:00
10371,millerryan@example.net,Tracy Stevenson,5034,cto,low,customer,2024-02-05 22:00:00
10372,allenlaura@example.com,Wendy Jones,5075,student,low,customer,2024-04-01 20:00:00
10373,roberto40@example.com,Kimberly Bean,5140,product_manager,low,hire,2024-05-15 04:00:00
10374,gregoryronald@example.net,Tracy Phillips,5022,cto,low,customer,2024-04-05 02:00:00
10375,mary53@example.com,Maurice Miller,5188,student,medium,hire,2024-05-04 22:00:00
10376,vcarrillo@example.net,Elizabeth Davis,5048,engineer,low,partner,2024-12-14 16:00:00
10377,jason25@example.org,Kristen Hill,5160,student,low,customer,2024-02-05 01:00:00
10378,roybradley@example.com,Joseph Erickson,5076,engineer,low,customer,2024-11-20 03:00:00
10379,virginia05@example.com,Ashlee Martin,5082,consultant,low,influencer,2024-05-01 14:00:00
10380,hicksbrandon@example.net,Melissa Martin,5043,consultant,high,influencer,2024-03-13 20:00:00
10381,paullopez@example.org,Dustin Brown,5117,data_scientist,low,community,2024-04-11 13:00:00
10382,smithsheri@example.com,Christopher Taylor,5154,engineer,low,influencer,2024-07-03 07:00:00
10383,aaron31@example.net,Jerry Trujillo,5023,engineer,low,partner,2024-03-22 14:00:00
10384,vmason@example.net,Herbert Whitehead,5144,consultant,low,community,2024-10-17 08:00:00
10385,jacob53@example.com,Scott Salinas,5042,devops,high,community,2024-02-29 07:00:00
10386,nreid@example.com,Stephanie Curtis,5123,cto,low,customer,2024-07-27 12:00:00
10387,morrisonaaron@example.net,Terry Allen,5194,devops,low,community,2024-10-27 09:00:00
10388,stephenmurphy@example.org,Tracy Pollard,5186,engineer,low,partner,2024-06-23 12:00:00
10389,sarahnovak@example.org,Megan Livingston,5143,ceo,low,customer,2024-05-01 22:00:00
10390,laura26@example.org,Mark Wise,5138,student,low,community,2024-11-21 06:00:00
10391,jonathan25@example.org,Douglas Aguirre,5069,engineer,low,customer,2024-05-25 07:00:00
10392,matthew83@example.org,Michael Mclean,5021,product_manager,low,partner,2024-10-19 00:00:00
10393,bskinner@example.net,Melissa Peters,5070,engineer,low,customer,2024-06-11 01:00:00
10394,gileschristopher@example.com,Traci Carter,5115,student,low,influencer,2024-04-27 12:00:00
10395,michaelwilliams@example.org,Julie Ray,5138,engineer,low,influencer,2024-03-15 16:00:00
10396,angelarobles@example.net,Brenda Moss,5171,ceo,low,community,2024-12-20 11:00:00
10397,fisheradrienne@example.com,Brian Ryan,5173,consultant,low,customer,2024-08-14 02:00:00
10398,davismatthew@example.net,Tara Alvarez,5179,data_scientist,low,customer,2024-01-04 06:00:00
10399,anthony03@example.org,Andrew Griffin,5081,consultant,low,customer,2024-07-12 11:00:00
10400,dunnjames@example.org,Scott Griffin,5073,engineer,low,customer,2024-02-12 19:00:00
10401,eric70@example.com,Daniel Orozco,5023,influencer,low,customer,2024-05-11 17:00:00
10402,carrnancy@example.org,Sonya Palmer,5119,student,low,customer,2024-11-16 03:00:00
10403,vsmith@example.com,Calvin Carson,5022,product_manager,low,community,2024-01-06 18:00:00
10404,balljeffrey@example.com,Dana Baker,5192,engineer,low,hire,2024-12-02 07:00:00
10405,ramseykevin@example.org,Robert Willis,5166,product_manager,low,community,2024-02-22 05:00:00
10406,crystal34@example.net,Aaron Williams,5026,devops,low,influencer,2024-06-27 09:00:00
10407,lynn24@example.org,Carrie Mayo,5015,engineer,high,community,2024-03-07 23:00:00
10408,samantha32@example.com,Andrew Fisher,5161,product_manager,low,customer,2024-02-09 17:00:00
10409,falexander@example.org,Stephanie Butler,5195,engineer,low,partner,2024-12-08 16:00:00
10410,jenniferkerr@example.com,Jeffrey Clark,5104,engineer,low,community,2024-11-24 04:00:00
10411,anthonyreyes@example.org,Michaela Chavez,5186,engineer,low,partner,2024-05-18 14:00:00
10412,amyespinoza@example.net,Michael Phillips,5072,devops,low,influencer,2024-02-17 08:00:00
10413,grimesallison@example.org,Andre Clark,5000,engineer,low,customer,2024-05-21 15:00:00
10414,miranda91@example.com,Monique Roberts,5044,cto,medium,customer,2024-01-16 21:00:00
10415,vchan@example.org,Hannah Gentry,5102,engineer,low,influencer,2024-08-22 03:00:00
10416,yduffy@example.net,Destiny Dixon,5038,cto,medium,community,2024-06-29 19:00:00
10417,murphyphilip@example.com,Gerald Dawson,5026,engineer,low,community,2024-03-21 06:00:00
10418,aliciahanson@example.com,Kathleen Bates,5184,student,low,community,2024-05-02 13:00:00
10419,msmith@example.net,Annette Larson,5012,cto,low,customer,2024-05-05 00:00:00
10420,lesliedavis@example.org,Jennifer Knight,5184,engineer,low,hire,2024-01-19 01:00:00
10421,bellrenee@example.com,Amanda Grant,5078,cto,medium,community,2024-11-23 14:00:00
10422,russellevan@example.net,Hector Howard,5095,product_manager,low,influencer,2024-10-09 02:00:00
10423,gsnyder@example.org,David Phillips,5078,engineer,medium,customer,2024-11-05 04:00:00
10424,xescobar@example.net,Emily Kelley PhD,5125,product_manager,low,customer,2024-04-06 02:00:00
10425,eevans@example.com,Jessica Bailey,5024,product_manager,medium,community,2024-09-01 05:00:00
10426,wilsonnicole@example.com,Dawn Jackson,5125,product_manager,low,customer,2024-06-12 08:00:00
10427,michael55@example.org,Joshua Vega,5169,engineer,low,hire,2024-12-03 01:00:00
10428,wernershawn@example.net,Alexander Yang,5150,engineer,medium,community,2024-09-10 22:00:00
10429,johnpetty@example.com,Frederick Decker,5149,engineer,low,customer,2024-05-07 08:00:00
10430,shane14@example.net,Christopher Silva,5032,data_scientist,medium,customer,2024-07-11 10:00:00
10431,connie24@example.com,Gregory Hoffman,5130,engineer,medium,customer,2024-07-02 14:00:00
10432,edward35@example.org,Brian Fernandez DDS,5075,cto,low,hire,2024-09-17 10:00:00
10433,maryoneal@example.com,Charles Blair,5080,cto,low,community,2024-01-10 19:00:00
10434,martinezkevin@example.org,Travis Terry,5088,cto,medium,community,2024-07-09 18:00:00
10435,jonesemma@example.net,Erik Reese,5150,data_scientist,low,partner,2024-12-07 05:00:00
10436,leslie23@example.org,Kristen Jordan,5187,engineer,low,customer,2024-09-25 17:00:00
10437,drewrich@example.com,Elizabeth Lam,5131,engineer,low,customer,2024-01-03 09:00:00
10438,nelsonvanessa@example.net,Kevin Vaughn,5121,student,low,partner,2024-05-17 10:00:00
10439,cassandra51@example.org,Colleen Jacobson,5015,product_manager,medium,community,2024-08-11 22:00:00
10440,donna57@example.com,Ashlee Morris,5011,engineer,medium,hire,2024-08-03 01:00:00
10441,meganellis@example.com,Erika Gomez,5075,consultant,low,hire,2024-09-23 16:00:00
10442,kristen22@example.net,Robert Anderson,5184,engineer,medium,customer,2024-08-04 04:00:00
10443,robertserin@example.org,Nicole Smith,5120,influencer,low,community,2024-12-21 05:00:00
10444,kayla17@example.org,Jerome Martinez,5047,data_scientist,low,customer,2024-06-07 10:00:00
10445,tbaker@example.com,Christopher Bowen,5103,devops,medium,customer,2024-09-28 23:00:00
10446,stephanie49@example.net,Kara Nixon,5126,researcher,low,community,2024-08-17 23:00:00
10447,alexander80@example.net,Bobby Harvey,5097,ceo,low,partner,2024-01-05 01:00:00
10448,twade@example.com,Eric Baldwin,5095,student,medium,community,2024-12-28 17:00:00
10449,yzhang@example.com,Megan Proctor,5016,engineer,medium,customer,2024-04-10 08:00:00
10450,jessica17@example.org,Mercedes Bowers,5121,product_manager,medium,community,2024-10-03 07:00:00
10451,jessicafranco@example.com,Marcus Martin,5172,data_scientist,medium,influencer,2024-02-24 11:00:00
10452,jeffleblanc@example.org,Shane Miller DDS,5107,engineer,low,community,2024-01-31 08:00:00
10453,joseph23@example.net,Adam Wilson,5178,engineer,low,hire,2024-03-15 07:00:00
10454,nataliewalls@example.com,Mrs. Janice Scott,5117,ceo,medium,customer,2024-04-28 21:00:00
10455,nicole84@example.com,Brandon Baker,5047,engineer,low,hire,2024-09-14 12:00:00
10456,emma48@example.org,Nancy Merritt,5016,engineer,low,hire,2024-07-28 21:00:00
10457,qwhite@example.com,James Cameron,5162,product_manager,low,community,2024-03-30 11:00:00
10458,bsanchez@example.org,Ryan Romero,5112,cto,medium,customer,2024-08-18 15:00:00
10459,krhodes@example.com,Tiffany Bell,5012,devops,low,community,2024-04-09 19:00:00
10460,wcarter@example.com,Jeffrey Moore,5114,engineer,high,customer,2024-06-29 01:00:00
10461,paulmeyer@example.net,Christopher Carroll,5134,engineer,low,hire,2024-09-02 11:00:00
10462,gschmidt@example.com,Jacqueline Nguyen,5049,student,high,influencer,2024-11-14 09:00:00
10463,halleric@example.net,Robert Medina,5067,engineer,low,influencer,2024-02-11 00:00:00
10464,susanclark@example.com,Nicole Mitchell,5023,data_scientist,low,customer,2024-12-28 01:00:00
10465,nathan39@example.net,Jason Roberson,5074,consultant,medium,partner,2024-12-26 13:00:00
10466,smartin@example.org,Matthew Hoffman,5174,engineer,low,customer,2024-11-07 02:00:00
10467,kimberly67@example.com,Michael Jones,5123,consultant,medium,community,2024-08-20 01:00:00
10468,traviskim@example.com,Ashley Anderson,5199,engineer,medium,community,2024-12-17 14:00:00
10469,zthomas@example.com,Rebecca Lara,5149,student,low,community,2024-04-05 05:00:00
10470,wardbrendan@example.net,Frederick Morgan,5154,influencer,low,customer,2024-09-28 16:00:00
10471,usaunders@example.com,Craig Montoya,5068,influencer,medium,partner,2024-05-01 18:00:00
10472,smithgary@example.net,David Howard,5035,influencer,low,community,2024-08-15 01:00:00
10473,laurenknox@example.net,Sharon Boyd,5117,data_scientist,low,customer,2024-06-22 01:00:00
10474,andres48@example.net,Nathaniel Porter,5081,student,medium,customer,2024-09-14 15:00:00
10475,michelle61@example.net,Jason Miranda,5025,ceo,medium,partner,2024-07-05 16:00:00
10476,obean@example.net,Cynthia Smith,5081,cto,low,community,2024-07-02 19:00:00
10477,dustin98@example.com,Jason Moore,5109,data_scientist,high,customer,2024-11-22 10:00:00
10478,jasonbishop@example.net,Beverly Sanchez,5108,product_manager,low,community,2024-02-15 07:00:00
10479,xtate@example.org,Lauren Wolf,5138,engineer,high,community,2024-01-15 09:00:00
10480,jo78@example.com,William Tran,5163,devops,medium,hire,2024-11-30 00:00:00
10481,chapmanrandy@example.net,Kelly Medina,5163,devops,high,community,2024-07-17 01:00:00
10482,hshannon@example.org,Chad Kerr,5099,engineer,low,influencer,2024-05-02 13:00:00
10483,nlin@example.net,Kristin Cook,5025,engineer,low,customer,2024-08-17 15:00:00
10484,kshelton@example.com,Joshua Burch,5068,engineer,medium,customer,2024-03-30 07:00:00
10485,aquinn@example.com,Shawn Dickson,5035,data_scientist,medium,community,2024-10-09 01:00:00
10486,hallamber@example.net,Dana Alvarado,5172,data_scientist,low,community,2024-06-11 22:00:00
10487,pramirez@example.com,Amanda Chavez,5142,researcher,medium,customer,2024-09-06 05:00:00
10488,erin78@example.com,Charles Silva,5054,consultant,medium,hire,2024-01-11 03:00:00
10489,alancox@example.com,Melissa Ryan,5097,researcher,low,hire,2024-03-18 22:00:00
10490,stephensonbrittany@example.org,Pamela Hill,5025,engineer,low,customer,2024-02-04 04:00:00
10491,stephaniebarnes@example.org,Alexander Lewis,5078,engineer,low,partner,2024-04-25 12:00:00
10492,rebecca04@example.org,Diana Johnson,5070,engineer,low,customer,2024-01-16 01:00:00
10493,hallrachel@example.net,Joseph Martinez,5185,data_scientist,medium,hire,2024-11-10 13:00:00
10494,christophersmith@example.net,Ernest Mullins,5158,student,low,customer,2024-03-17 05:00:00
10495,josephballard@example.com,Sabrina Irwin DDS,5099,product_manager,low,customer,2024-02-17 18:00:00
10496,collinsandrew@example.com,Samantha Floyd,5177,engineer,low,customer,2024-02-26 06:00:00
10497,samantha95@example.net,James Price,5053,ceo,medium,customer,2024-11-27 21:00:00
10498,joshuajohnston@example.org,Vincent Jenkins DDS,5009,engineer,low,customer,2024-06-13 12:00:00
10499,wilsondanielle@example.com,Jennifer Ashley,5107,cto,low,customer,2024-11-23 20:00:00
10500,allisonyang@example.org,Andrew Nelson,5139,engineer,low,partner,2024-06-10 16:00:00
10501,jacksonwilliam@example.net,Mark Gutierrez,5174,researcher,low,customer,2024-04-03 02:00:00
10502,amanda34@example.com,John Smith,5194,ceo,low,partner,2024-02-04 13:00:00
10503,nking@example.net,Kelly Charles,5008,cto,low,customer,2024-05-03 16:00:00
10504,dianamiller@example.net,Evan Baker,5040,cto,low,influencer,2024-07-31 23:00:00
10505,devin24@example.org,Robert Harris,5110,engineer,medium,partner,2024-06-02 08:00:00
10506,wilsoncourtney@example.net,Joseph Lynch,5104,cto,low,customer,2024-09-08 09:00:00
10507,wsanchez@example.org,Debra Tran,5182,devops,low,customer,2024-12-01 05:00:00
10508,russelljohn@example.org,Jane Hall,5108,product_manager,low,community,2024-11-20 19:00:00
10509,william04@example.net,Kevin Steele,5104,consultant,low,community,2024-07-28 15:00:00
10510,warrenmike@example.org,Melissa Torres,5030,consultant,low,customer,2024-01-08 03:00:00
10511,chelseyjohnson@example.net,Kelly Lee,5021,data_scientist,low,customer,2024-04-06 16:00:00
10512,pbright@example.com,Christina Marshall,5028,engineer,low,customer,2024-03-21 12:00:00
10513,jhernandez@example.org,Carolyn Cline,5138,cto,low,partner,2024-05-16 11:00:00
10514,tsweeney@example.org,Stephen Ellison,5145,engineer,low,customer,2024-02-28 12:00:00
10515,schultzwilliam@example.net,Katherine Bowman,5095,engineer,low,community,2024-06-09 14:00:00
10516,brittney68@example.com,Amanda Ortiz,5115,engineer,high,community,2024-07-16 00:00:00
10517,fanderson@example.com,Cynthia Gross,5061,engineer,low,customer,2024-07-17 12:00:00
10518,rwalls@example.net,Jennifer Allen,5074,researcher,low,hire,2024-06-13 03:00:00
10519,riversthomas@example.org,Christopher Gonzales,5043,engineer,low,hire,2024-06-10 15:00:00
10520,greenkristina@example.com,Daniel Flores,5071,student,low,customer,2024-05-19 03:00:00
10521,pdominguez@example.org,Anthony Lee,5144,engineer,medium,customer,2024-06-09 21:00:00
10522,fkaiser@example.org,Julie Williams,5119,cto,low,community,2024-08-05 09:00:00
10523,pamelagrant@example.com,Denise Gutierrez,5170,product_manager,low,customer,2024-10-14 01:00:00
10524,ydavis@example.net,Michael Clark,5058,student,low,community,2024-02-03 18:00:00
10525,marissa43@example.org,Caleb Lewis,5180,engineer,low,influencer,2024-06-04 16:00:00
10526,melissa03@example.org,Wendy Smith,5194,engineer,low,community,2024-05-07 12:00:00
10527,wlogan@example.com,Tyler Olson,5052,influencer,medium,customer,2024-03-30 11:00:00
10528,fwright@example.org,Jennifer Miller,5123,cto,low,community,2024-06-19 12:00:00
10529,robertmelton@example.com,Michael Salinas,5150,cto,medium,influencer,2024-09-06 22:00:00
10530,jfreeman@example.net,Frank Blake,5094,engineer,low,customer,2024-11-27 23:00:00
10531,vargasjohn@example.net,Chad Turner,5169,student,high,hire,2024-07-18 21:00:00
10532,dwilson@example.net,Nicholas Graham,5161,cto,low,influencer,2024-02-08 18:00:00
10533,sharonlewis@example.org,Mr. Jordan Stark PhD,5155,student,low,community,2024-12-08 17:00:00
10534,robertwilson@example.net,Edward Cooper,5103,student,low,customer,2024-02-23 17:00:00
10535,lori45@example.com,Rachel Mason,5007,engineer,medium,customer,2024-11-16 05:00:00
10536,goodwinmelissa@example.net,Sandra Palmer,5148,ceo,low,partner,2024-10-30 16:00:00
10537,staceypope@example.net,James Lloyd,5000,engineer,high,customer,2024-09-27 01:00:00
10538,wilkinsteresa@example.com,Daniel Allen,5089,engineer,low,influencer,2024-07-30 04:00:00
10539,amanda09@example.net,Felicia Nielsen,5127,engineer,low,customer,2024-01-19 23:00:00
10540,scottclark@example.org,Benjamin Olson PhD,5071,product_manager,medium,influencer,2024-08-22 17:00:00
10541,jillian46@example.org,Bridget Torres,5120,engineer,low,customer,2024-08-27 03:00:00
10542,gfoster@example.org,Jason White,5088,product_manager,low,customer,2024-09-12 19:00:00
10543,njones@example.org,Austin Taylor,5152,devops,low,customer,2024-06-22 09:00:00
10544,breannagreene@example.org,Kelsey Stewart,5055,engineer,low,partner,2024-07-10 23:00:00
10545,jeffreybartlett@example.org,Kevin Suarez,5033,cto,low,influencer,2024-04-02 17:00:00
10546,slittle@example.org,Timothy Cooper,5125,engineer,medium,customer,2024-08-03 11:00:00
10547,donaldthomas@example.net,Joan Peterson,5056,engineer,medium,community,2024-07-10 20:00:00
10548,codykennedy@example.net,Elizabeth Dunlap,5001,cto,medium,community,2024-07-16 08:00:00
10549,charleskerr@example.net,Martin Herring,5160,cto,low,customer,2024-08-06 07:00:00
10550,amandaduncan@example.net,Charles Navarro,5004,student,medium,hire,2024-10-11 21:00:00
10551,kylenunez@example.com,Jeffery Willis,5041,ceo,low,community,2024-06-22 07:00:00
10552,ryan93@example.org,Brittany Ramos,5138,product_manager,high,partner,2024-12-12 10:00:00
10553,jennifer52@example.org,Amy Cruz,5118,student,low,influencer,2024-01-11 19:00:00
10554,krystalcrane@example.org,Cameron Brown,5120,engineer,low,customer,2024-11-14 20:00:00
10555,lisatownsend@example.org,Stacie Thompson,5060,product_manager,low,community,2024-05-08 01:00:00
10556,kathleen24@example.net,Julie Gray,5048,engineer,low,community,2024-09-19 07:00:00
10557,carl48@example.net,Mark Owens,5073,product_manager,medium,partner,2024-09-05 11:00:00
10558,derekyoder@example.org,Christopher Johnson,5129,cto,medium,customer,2024-07-30 11:00:00
10559,pamelabell@example.org,James Caldwell,5028,engineer,medium,hire,2024-04-22 09:00:00
10560,bryan65@example.com,Wesley Sampson,5015,engineer,medium,influencer,2024-06-26 22:00:00
10561,jacobsshari@example.org,Lindsey Miller,5030,cto,medium,hire,2024-11-08 05:00:00
10562,gdavila@example.com,Erica Bryant,5098,ceo,low,community,2024-09-25 19:00:00
10563,flemingvictoria@example.net,Daniel Miranda,5185,student,medium,community,2024-07-26 13:00:00
10564,nmartin@example.com,Anita Lee,5073,engineer,low,community,2024-01-13 11:00:00
10565,mzhang@example.com,Shannon Velez,5122,engineer,medium,customer,2024-03-25 13:00:00
10566,singhkenneth@example.org,Andrew Maynard,5097,engineer,low,community,2024-11-17 11:00:00
10567,tatejustin@example.net,Alexandra Farrell,5019,ceo,low,customer,2024-09-29 07:00:00
10568,debra16@example.net,Heidi Wilson,5104,engineer,medium,hire,2024-05-07 21:00:00
10569,webstermeghan@example.net,Michael Schmitt,5162,student,low,customer,2024-02-26 05:00:00
10570,npeterson@example.com,Emily Meadows,5013,data_scientist,low,customer,2024-04-16 12:00:00
10571,andrewerickson@example.org,Caitlyn Pope,5030,devops,low,community,2024-07-31 09:00:00
10572,hstone@example.net,Jason Webb,5142,consultant,medium,community,2024-03-21 22:00:00
10573,gardnernicole@example.com,Janet Luna,5155,cto,medium,community,2024-10-06 02:00:00
10574,liujulie@example.org,Amy Lewis,5189,devops,low,customer,2024-01-20 18:00:00
10575,bethany32@example.net,Melissa Smith,5118,consultant,low,hire,2024-07-27 00:00:00
10576,perrydenise@example.org,James Sanchez,5129,engineer,low,customer,2024-03-09 23:00:00
10577,christine86@example.com,Leslie Carr,5042,ceo,low,customer,2024-09-09 22:00:00
10578,howardjessica@example.com,Sherry Allen,5122,devops,medium,partner,2024-05-04 05:00:00
10579,priceleslie@example.org,Hannah Braun,5113,student,medium,partner,2024-08-18 00:00:00
10580,peter51@example.com,Pamela Smith,5054,engineer,medium,partner,2024-07-11 08:00:00
10581,guerreromicheal@example.org,Alyssa Williams,5113,engineer,low,customer,2024-04-03 08:00:00
10582,connie56@example.com,Casey Dyer,5038,cto,low,influencer,2024-10-12 03:00:00
10583,bradshawalexis@example.com,Nicole Nichols,5019,student,medium,hire,2024-11-14 21:00:00
10584,pdavis@example.com,Matthew Martin,5028,engineer,medium,customer,2024-02-02 18:00:00
10585,rogersjuan@example.com,Sharon Aguilar,5197,ceo,low,customer,2024-03-21 00:00:00
10586,holmeslinda@example.com,Mark Bautista,5144,cto,low,customer,2024-12-27 04:00:00
10587,sarabullock@example.com,Allison Moss,5127,engineer,low,partner,2024-04-28 11:00:00
10588,toddmiller@example.net,Kristina Welch,5189,product_manager,medium,customer,2024-06-07 09:00:00
10589,allenmary@example.net,Courtney Kidd,5020,consultant,medium,partner,2024-08-12 08:00:00
10590,tgonzales@example.net,Thomas Richard,5156,engineer,low,customer,2024-02-01 08:00:00
10591,jacksondavid@example.org,Madison Henderson,5138,data_scientist,medium,community,2024-05-07 09:00:00
10592,sanchezmichael@example.org,William Frost,5047,engineer,low,community,2024-08-31 16:00:00
10593,robert49@example.com,Tamara Hardy,5033,engineer,low,influencer,2024-10-27 08:00:00
10594,marymarquez@example.net,Caitlin Allen,5196,ceo,low,customer,2024-04-02 23:00:00
10595,zachary08@example.com,Destiny Parrish,5015,influencer,low,community,2024-10-30 10:00:00
10596,dicksonrandy@example.com,Karla Turner,5092,devops,low,hire,2024-02-24 12:00:00
10597,bryandavis@example.org,Maria Murphy,5110,engineer,medium,customer,2024-01-19 12:00:00
10598,tprince@example.com,Greg Levine,5049,devops,medium,customer,2024-03-07 03:00:00
10599,merrittbobby@example.net,Erin Harding,5017,data_scientist,medium,partner,2024-11-13 17:00:00
10600,heathercain@example.org,John Crawford,5067,engineer,low,community,2024-07-31 17:00:00
10601,wtorres@example.net,Dr. Christopher Lewis,5158,cto,low,customer,2024-01-08 07:00:00
10602,youngjames@example.net,Rachel Brooks,5086,engineer,low,hire,2024-08-14 17:00:00
10603,roliver@example.net,Margaret Lee,5158,engineer,low,hire,2024-07-23 21:00:00
10604,sreyes@example.net,Ronnie Shepherd,5009,influencer,low,customer,2024-12-09 08:00:00
10605,barkermatthew@example.net,Kelsey Carroll,5155,consultant,low,influencer,2024-10-03 02:00:00
10606,woodwardallison@example.net,Justin Benson,5090,influencer,low,customer,2024-09-24 13:00:00
10607,nicholsfelicia@example.com,Stanley Nichols,5019,data_scientist,low,community,2024-11-26 20:00:00
10608,allenryan@example.net,Heather Boyle,5086,cto,low,community,2024-02-24 15:00:00
10609,jamesbowers@example.net,Kristi Pace,5075,cto,low,customer,2024-01-05 07:00:00
10610,joel65@example.org,Daniel Baldwin,5169,engineer,low,hire,2024-03-20 11:00:00
10611,johnsoncassidy@example.org,Adam Goodman,5089,student,low,customer,2024-12-28 16:00:00
10612,rebecca62@example.net,Brandon Griffith,5061,data_scientist,low,customer,2024-02-21 00:00:00
10613,moorebrenda@example.net,Gregory Ferguson,5197,consultant,low,partner,2024-03-17 00:00:00
10614,amy78@example.com,Jordan Kane,5158,product_manager,low,customer,2024-12-31 05:00:00
10615,thorntonsteven@example.net,Joseph Harrison,5176,devops,medium,customer,2024-04-07 13:00:00
10616,paulbutler@example.net,James Garcia,5143,ceo,low,community,2024-03-01 23:00:00
10617,nwright@example.net,Samantha Stewart,5153,student,low,influencer,2024-10-23 22:00:00
10618,randy71@example.net,Rachel Bennett,5144,student,low,partner,2024-09-22 17:00:00
10619,christina31@example.net,Jessica Everett,5153,researcher,medium,community,2024-02-27 10:00:00
10620,pfox@example.com,Patricia Jackson,5068,engineer,low,hire,2024-03-26 23:00:00
10621,brandonpatterson@example.net,Kirsten Watson,5042,engineer,low,community,2024-09-26 20:00:00
10622,fjennings@example.org,Mr. Cameron Christensen Jr.,5168,engineer,low,customer,2024-10-05 20:00:00
10623,zcarr@example.net,Ashley Smith,5148,researcher,low,customer,2024-05-01 09:00:00
10624,kevinnguyen@example.org,Bruce Floyd,5015,engineer,medium,influencer,2024-07-14 06:00:00
10625,jhale@example.com,Rebecca Miller,5086,product_manager,low,partner,2024-07-06 21:00:00
10626,noblestephen@example.com,George Herman,5081,engineer,low,partner,2024-05-08 11:00:00
10627,berryrobert@example.net,Dana Carr,5029,product_manager,low,customer,2024-08-23 15:00:00
10628,larry96@example.org,Kristen Peterson,5076,student,low,hire,2024-08-18 07:00:00
10629,courtneywebb@example.net,Thomas Kane,5062,engineer,low,customer,2024-10-13 00:00:00
10630,denise36@example.net,Henry Stanley,5086,researcher,medium,hire,2024-05-12 07:00:00
10631,jenniferpham@example.com,Crystal Nguyen,5113,engineer,high,hire,2024-12-27 18:00:00
10632,williamscarlos@example.net,Matthew Johnston,5043,ceo,medium,customer,2024-04-03 08:00:00
10633,dana61@example.org,Crystal Whitaker,5138,student,medium,community,2024-03-16 19:00:00
10634,flucas@example.org,Katie Potter,5010,data_scientist,low,partner,2024-07-15 03:00:00
10635,david46@example.org,Melanie Hawkins,5023,engineer,low,customer,2024-04-11 13:00:00
10636,rachaelcarr@example.org,Joshua Webb,5033,cto,medium,community,2024-08-08 11:00:00
10637,yvette22@example.com,Robert Welch,5064,researcher,low,influencer,2024-09-05 23:00:00
10638,mooncynthia@example.com,Kevin Brennan,5192,cto,low,hire,2024-03-30 02:00:00
10639,jaredpena@example.net,Ashley White,5138,data_scientist,low,partner,2024-12-20 00:00:00
10640,grantrobinson@example.net,Elizabeth Montoya,5107,student,low,customer,2024-05-12 15:00:00
10641,shannon16@example.org,Hailey Jimenez,5039,cto,low,community,2024-01-10 11:00:00
10642,anita19@example.net,Lori Lewis,5032,influencer,medium,community,2024-11-03 06:00:00
10643,fordkatherine@example.com,Richard Hoffman,5139,engineer,medium,community,2024-04-15 08:00:00
10644,lesliejacobs@example.org,Matthew Ruiz,5072,ceo,medium,community,2024-09-18 20:00:00
10645,megancooper@example.net,Jacob Clark,5089,data_scientist,medium,customer,2024-10-16 20:00:00
10646,scott04@example.org,Jean Ward,5108,cto,low,customer,2024-07-06 06:00:00
10647,samantha79@example.net,Ronald Ferrell,5038,engineer,medium,customer,2024-11-14 02:00:00
10648,steven17@example.com,Christina Carlson,5123,influencer,high,hire,2024-10-25 19:00:00
10649,wilsonsandra@example.org,Barbara Melendez,5159,cto,low,partner,2024-01-12 20:00:00
10650,allisonwalter@example.org,Kimberly Spears,5010,ceo,low,community,2024-10-24 05:00:00
10651,justinhenry@example.com,Miguel Gordon,5004,engineer,low,community,2024-07-29 02:00:00
10652,ccabrera@example.org,Nicole Mejia,5139,engineer,medium,customer,2024-01-15 03:00:00
10653,mark63@example.org,Robert Johnson,5108,engineer,low,partner,2024-02-17 19:00:00
10654,yhopkins@example.com,Andrew Black,5039,engineer,low,partner,2024-10-24 07:00:00
10655,calebwelch@example.org,Brian Smith,5004,engineer,medium,partner,2024-03-23 04:00:00
10656,vargasrobin@example.net,Craig Skinner,5092,engineer,low,customer,2024-06-17 14:00:00
10657,chavezcindy@example.net,Robert Ortiz,5090,product_manager,medium,hire,2024-05-10 10:00:00
10658,james49@example.net,Jacqueline Garza,5160,engineer,low,customer,2024-07-17 13:00:00
10659,andersonjessica@example.net,Patrick Smith,5115,cto,low,hire,2024-04-13 09:00:00
10660,rodriguezmichelle@example.com,Bradley Alexander,5199,consultant,low,hire,2024-08-28 13:00:00
10661,mbrown@example.net,Marissa Navarro,5007,engineer,low,customer,2024-08-13 19:00:00
10662,john20@example.com,Carla Todd,5129,influencer,low,community,2024-12-19 08:00:00
10663,brittany92@example.com,David Snyder,5177,data_scientist,high,hire,2024-10-15 02:00:00
10664,mcknightamy@example.org,Amanda Flores,5039,engineer,high,community,2024-09-13 11:00:00
10665,woodsjulie@example.com,Brett Miller,5138,engineer,medium,customer,2024-12-03 14:00:00
10666,alansanchez@example.org,Michael Cooper,5084,product_manager,medium,hire,2024-02-05 14:00:00
10667,rlee@example.net,Mr. Aaron Matthews,5043,researcher,high,customer,2024-02-17 07:00:00
10668,carterthomas@example.net,Jennifer Blake,5034,ceo,medium,influencer,2024-10-17 22:00:00
10669,shaun96@example.net,Jeremy Chavez,5097,researcher,low,influencer,2024-05-11 02:00:00
10670,hillmarie@example.net,Amanda Harris,5158,engineer,high,hire,2024-03-20 10:00:00
10671,erik95@example.com,Karen Davidson,5104,data_scientist,medium,customer,2024-04-24 19:00:00
10672,sheppardcynthia@example.net,Jacqueline Kirby,5018,cto,low,partner,2024-01-28 22:00:00
10673,martinwatkins@example.net,Jessica Sparks,5075,cto,medium,customer,2024-04-01 06:00:00
10674,hillchristian@example.net,Melinda Alvarez,5134,engineer,low,customer,2024-12-21 07:00:00
10675,xrogers@example.net,Cameron King,5073,cto,medium,community,2024-05-16 10:00:00
10676,gomezadrian@example.com,Jamie Stewart,5079,product_manager,medium,hire,2024-06-28 13:00:00
10677,beasleyangela@example.org,Lance Smith,5188,researcher,low,customer,2024-08-02 08:00:00
10678,mullenbrenda@example.com,John Newman,5051,engineer,medium,community,2024-01-08 02:00:00
10679,michael05@example.com,James Wagner,5185,researcher,medium,customer,2024-03-06 21:00:00
10680,patrickjones@example.com,Ashley Johnson,5029,researcher,low,community,2024-11-09 15:00:00
10681,richard58@example.org,Jordan Oconnell,5179,product_manager,low,customer,2024-10-31 12:00:00
10682,marcgoodwin@example.org,Jamie Ruiz,5127,data_scientist,low,community,2024-11-27 15:00:00
10683,cindy79@example.com,Ashley Hall,5093,ceo,medium,customer,2024-07-02 01:00:00
10684,meghanrivera@example.org,Taylor Walker,5042,engineer,low,partner,2024-04-30 17:00:00
10685,robertstimothy@example.com,Randy Kent,5094,engineer,low,hire,2024-05-13 12:00:00
10686,jordansalinas@example.com,Jon Huff,5197,student,high,hire,2024-10-31 16:00:00
10687,xrobinson@example.org,Sara Carney,5151,student,low,hire,2024-03-01 23:00:00
10688,dereksimmons@example.org,Stacy Brown,5158,engineer,medium,customer,2024-01-10 22:00:00
10689,robinmoran@example.org,Samantha Jennings,5159,engineer,low,community,2024-09-14 17:00:00
10690,lauraperez@example.com,Michael Scott,5177,researcher,low,community,2024-02-03 03:00:00
10691,gardnernoah@example.org,Angela Williams,5190,data_scientist,medium,community,2024-04-10 11:00:00
10692,ythornton@example.org,Robert Mahoney,5072,cto,low,customer,2024-09-05 10:00:00
10693,jennifertodd@example.net,Elizabeth Nelson,5169,engineer,low,influencer,2024-03-25 00:00:00
10694,afoster@example.org,Jessica Ochoa,5017,student,low,customer,2024-07-27 21:00:00
10695,erika22@example.org,Laura Collins,5192,student,low,hire,2024-06-25 14:00:00
10696,dking@example.com,Jason Hall,5093,cto,low,community,2024-06-04 03:00:00
10697,martinsandra@example.net,Tricia Lewis,5003,engineer,low,customer,2024-06-08 11:00:00
10698,bobby31@example.net,Amy Bray,5026,cto,low,partner,2024-05-19 23:00:00
10699,dawnfreeman@example.org,Kyle Montgomery,5100,engineer,medium,customer,2024-01-22 04:00:00
10700,jalexander@example.com,Danielle Chan,5109,ceo,medium,community,2024-04-30 11:00:00
10701,taylor19@example.org,Karen Banks,5012,engineer,low,customer,2024-12-23 19:00:00
10702,matthew03@example.net,Steven Sanders,5012,consultant,high,community,2024-10-25 20:00:00
10703,larrylandry@example.com,Nicolas Torres,5039,cto,low,partner,2024-10-14 18:00:00
10704,carolynhahn@example.org,Dr. Debra Hawkins,5002,student,low,customer,2024-12-27 16:00:00
10705,sararay@example.net,Erin Simmons,5064,influencer,low,customer,2024-11-13 23:00:00
10706,nmclaughlin@example.com,Jeffrey Wang,5038,engineer,low,customer,2024-02-20 01:00:00
10707,gomezdarryl@example.org,Duane Miller,5136,student,medium,hire,2024-07-01 14:00:00
10708,jwood@example.com,Erika Hanson,5069,product_manager,low,customer,2024-08-26 22:00:00
10709,foleyryan@example.com,Phillip Wright,5043,researcher,low,community,2024-01-13 09:00:00
10710,aaron31@example.org,Phillip Morgan,5159,engineer,high,partner,2024-05-20 17:00:00
10711,christopherlambert@example.net,Christina Rodriguez,5153,researcher,high,partner,2024-06-12 12:00:00
10712,morganjeffery@example.org,Crystal Austin,5190,ceo,high,customer,2024-12-07 18:00:00
10713,whitneysweeney@example.org,Carla Hancock,5179,cto,low,customer,2024-10-23 21:00:00
10714,blakeamber@example.org,Brian Lopez,5075,product_manager,low,customer,2024-10-11 10:00:00
10715,qtaylor@example.com,Dr. Justin Johnson,5041,devops,low,customer,2024-10-14 01:00:00
10716,zvaldez@example.org,Ryan Day,5016,engineer,medium,hire,2024-02-25 02:00:00
10717,mccallsusan@example.org,Benjamin Boyd,5094,engineer,medium,influencer,2024-11-20 07:00:00
10718,hessrobert@example.net,Tina Lawrence,5021,devops,low,customer,2024-07-01 05:00:00
10719,charlestaylor@example.com,Peter Figueroa,5038,product_manager,medium,customer,2024-12-24 16:00:00
10720,stricklandsusan@example.org,Alex Williams,5168,ceo,low,customer,2024-08-30 08:00:00
10721,ushaw@example.net,Thomas Foster,5072,engineer,low,influencer,2024-04-13 17:00:00
10722,eriklewis@example.net,Tabitha Hampton DDS,5107,engineer,medium,customer,2024-08-04 08:00:00
10723,terriwilliams@example.com,Kimberly Murillo,5115,consultant,low,customer,2024-03-05 19:00:00
10724,evansjustin@example.org,Jerry Hopkins DDS,5072,engineer,low,hire,2024-05-26 04:00:00
10725,vellis@example.com,Margaret Chan,5031,engineer,low,community,2024-02-08 22:00:00
10726,baileyvictoria@example.com,Brian Chambers,5120,researcher,low,customer,2024-04-11 06:00:00
10727,kimberlygeorge@example.org,Christopher Hall,5184,ceo,low,partner,2024-12-18 19:00:00
10728,parrishamy@example.com,Ana Ramsey,5199,cto,low,hire,2024-10-08 02:00:00
10729,danielwilliams@example.net,Jenny Johnson,5030,consultant,low,community,2024-08-20 02:00:00
10730,dominique31@example.net,Kristy Doyle,5047,devops,medium,customer,2024-07-08 22:00:00
10731,joshuamarsh@example.com,Nicole Wood,5092,engineer,low,customer,2024-02-25 00:00:00
10732,ernestgraham@example.net,Jennifer Barker,5015,engineer,low,partner,2024-09-11 14:00:00
10733,coreyhodges@example.com,Eric Warren,5018,engineer,low,customer,2024-03-18 23:00:00
10734,sfernandez@example.com,Keith Morgan,5005,product_manager,low,community,2024-03-15 16:00:00
10735,harpertimothy@example.org,Jeffrey Bell,5190,researcher,low,partner,2024-05-15 04:00:00
10736,jennifer96@example.org,Sara Gutierrez,5175,engineer,medium,customer,2024-06-02 13:00:00
10737,freese@example.org,Jennifer Hicks,5069,engineer,low,community,2024-05-16 13:00:00
10738,amandamartin@example.net,David Fields,5110,product_manager,high,influencer,2024-08-13 08:00:00
10739,irodriguez@example.net,Jon Macdonald,5085,student,low,customer,2024-05-29 07:00:00
10740,rchan@example.com,Daniel Cole,5088,cto,low,community,2024-07-14 10:00:00
10741,collinsangela@example.net,Jesse Reynolds,5156,cto,low,community,2024-03-28 00:00:00
10742,vdelgado@example.com,Thomas Good,5154,data_scientist,medium,customer,2024-07-23 19:00:00
10743,mhunt@example.org,Richard Hanson,5049,product_manager,medium,customer,2024-06-06 07:00:00
10744,rhiggins@example.com,Alicia Chapman,5065,product_manager,medium,customer,2024-10-30 18:00:00
10745,lgordon@example.com,Randy Jones,5002,ceo,medium,customer,2024-01-12 00:00:00
10746,torresalejandro@example.net,Victoria Hoffman,5002,devops,medium,customer,2024-03-17 21:00:00
10747,krivera@example.com,Amy Pope,5022,data_scientist,low,partner,2024-06-05 01:00:00
10748,jeffrey98@example.org,Linda Gonzalez,5124,engineer,low,partner,2024-06-01 07:00:00
10749,sweeneycarolyn@example.com,Kimberly Salinas,5096,engineer,high,community,2024-02-27 01:00:00
10750,nicholas01@example.com,Donna Obrien,5160,devops,medium,customer,2024-06-09 08:00:00
10751,staceyjones@example.org,Michael Pace,5111,engineer,medium,customer,2024-04-04 21:00:00
10752,lhobbs@example.com,Shane Hernandez,5047,engineer,low,community,2024-09-07 03:00:00
10753,harveytamara@example.net,Dylan Jenkins,5176,student,low,customer,2024-07-24 11:00:00
10754,pricetammy@example.com,Kelsey Murray,5148,product_manager,low,community,2024-05-25 06:00:00
10755,qthomas@example.com,Amanda Larson,5154,devops,high,hire,2024-06-07 19:00:00
10756,mark27@example.net,Kevin Jimenez,5005,consultant,low,partner,2024-02-16 13:00:00
10757,hannahhuynh@example.com,Andrew Zimmerman,5030,product_manager,low,customer,2024-02-20 21:00:00
10758,butlerbarbara@example.org,Debra Kaiser,5198,engineer,low,community,2024-06-12 10:00:00
10759,amorales@example.com,Robert Williams,5052,product_manager,low,customer,2024-06-07 00:00:00
10760,cynthiabolton@example.com,Nathan Herman,5051,engineer,low,influencer,2024-10-21 08:00:00
10761,ejones@example.org,Hunter Chavez,5177,engineer,low,partner,2024-12-22 23:00:00
10762,carlosmcgee@example.org,Alexis Scott,5139,engineer,high,hire,2024-08-29 03:00:00
10763,norrislauren@example.com,Olivia Mitchell,5181,cto,low,influencer,2024-02-05 06:00:00
10764,miranda01@example.com,Patrick Matthews,5057,ceo,low,customer,2024-06-26 20:00:00
10765,melissacrawford@example.net,Amanda Romero,5033,researcher,medium,influencer,2024-06-26 19:00:00
10766,bakerstephanie@example.net,Joseph Khan,5079,engineer,medium,hire,2024-01-18 08:00:00
10767,dtran@example.com,Mrs. Christine Holder,5065,engineer,low,hire,2024-11-29 07:00:00
10768,jfreeman@example.net,Brian Mckenzie,5121,data_scientist,low,community,2024-11-15 10:00:00
10769,randyguerrero@example.com,Gerald Moore,5107,researcher,low,community,2024-01-18 17:00:00
10770,sarah62@example.net,Hunter Morris,5044,engineer,low,community,2024-04-13 10:00:00
10771,ruthross@example.com,Stephanie Smith,5039,student,medium,hire,2024-08-15 15:00:00
10772,juliaburnett@example.net,Daniel Li,5043,engineer,low,partner,2024-06-10 20:00:00
10773,ryan48@example.com,Timothy Lewis,5045,engineer,high,community,2024-05-19 23:00:00
10774,juarezchristopher@example.com,Jose Walter,5193,engineer,medium,community,2024-01-07 01:00:00
10775,duncanangie@example.org,Joanna Copeland,5141,engineer,low,community,2024-05-22 02:00:00
10776,hopkinsmaria@example.org,Jonathan Robbins,5003,researcher,low,partner,2024-05-15 12:00:00
10777,bryanpotter@example.org,Dr. Rebecca Rose,5112,influencer,low,customer,2024-10-31 08:00:00
10778,washingtondavid@example.com,Philip Hardy,5118,engineer,medium,hire,2024-02-20 20:00:00
10779,meadowsterry@example.org,Margaret Patel,5120,influencer,medium,hire,2024-08-01 19:00:00
10780,parkerjonathan@example.com,Caroline Davis,5163,engineer,low,customer,2024-11-15 17:00:00
10781,gatesandrew@example.org,Sharon Marsh,5098,student,medium,hire,2024-01-18 12:00:00
10782,shannon99@example.net,Briana Morgan,5069,consultant,low,community,2024-10-11 01:00:00
10783,uthomas@example.org,Todd Christian,5107,ceo,medium,community,2024-09-12 21:00:00
10784,cschmidt@example.com,Shirley Hicks,5048,devops,low,customer,2024-12-28 02:00:00
10785,kristenleblanc@example.org,Christopher Chapman,5171,engineer,medium,customer,2024-06-26 10:00:00
10786,lweiss@example.net,David Cunningham,5037,cto,low,community,2024-06-30 14:00:00
10787,zbrooks@example.com,John Day,5004,student,low,customer,2024-09-30 15:00:00
10788,qmorgan@example.net,Karen Sexton,5121,product_manager,low,hire,2024-09-29 06:00:00
10789,pattersonelizabeth@example.com,Greg Campbell,5000,engineer,low,hire,2024-07-18 01:00:00
10790,gjohnston@example.com,Christian Ho,5014,researcher,low,partner,2024-08-13 04:00:00
10791,kmitchell@example.net,Kelli Jones,5034,engineer,low,community,2024-01-06 19:00:00
10792,megan06@example.com,Matthew Hill,5048,cto,low,customer,2024-09-27 00:00:00
10793,joneskristin@example.com,Jordan Nicholson,5057,devops,medium,hire,2024-06-01 10:00:00
10794,kmorrison@example.net,Mark Cooley,5103,engineer,high,influencer,2024-03-16 17:00:00
10795,stevensweeney@example.org,Matthew Lucas,5145,student,medium,influencer,2024-04-09 14:00:00
10796,wjohnson@example.org,Cindy Moore,5136,engineer,medium,customer,2024-06-30 14:00:00
10797,williamsonandrew@example.com,Damon Parrish,5158,engineer,medium,hire,2024-04-11 08:00:00
10798,stevenlivingston@example.com,George Ramirez,5184,engineer,low,community,2024-08-21 19:00:00
10799,luke77@example.net,Scott Johnson,5172,engineer,low,influencer,2024-05-20 16:00:00
10800,joseph67@example.org,Rebecca Scott,5145,cto,low,community,2024-05-20 18:00:00
10801,jenkinselizabeth@example.org,Taylor Gutierrez,5028,cto,low,customer,2024-01-13 19:00:00
10802,catherinejames@example.net,Dr. Lawrence Wolfe,5114,engineer,low,customer,2024-11-18 19:00:00
10803,qhorton@example.org,Taylor Atkinson,5052,cto,low,customer,2024-04-04 11:00:00
10804,david29@example.com,Carol Owens,5136,data_scientist,high,partner,2024-08-05 22:00:00
10805,jessecochran@example.com,Lisa Hunter,5187,researcher,high,customer,2024-06-11 12:00:00
10806,zrusso@example.org,Jake Hawkins,5188,consultant,medium,customer,2024-06-04 00:00:00
10807,leahsantos@example.com,Nancy Lee,5181,engineer,low,hire,2024-07-02 00:00:00
10808,danielle26@example.com,Matthew Larson,5018,devops,low,customer,2024-10-28 04:00:00
10809,alexandramoore@example.net,John Collins,5080,student,low,community,2024-12-20 00:00:00
10810,dawntran@example.com,Richard Mccullough,5124,cto,low,community,2024-05-01 02:00:00
10811,gallagherwilliam@example.org,Kelly Moon,5162,ceo,low,customer,2024-10-15 19:00:00
10812,walkertyler@example.com,Barbara Williams,5121,data_scientist,low,partner,2024-12-24 01:00:00
10813,xobrien@example.com,Alison Bailey,5042,data_scientist,medium,community,2024-12-28 05:00:00
10814,stephensonmichael@example.org,Laura Gill,5022,product_manager,low,partner,2024-02-21 06:00:00
10815,wreynolds@example.com,Samantha Daniel,5076,ceo,low,community,2024-08-20 15:00:00
10816,bridget50@example.org,Brian Steele,5010,student,low,customer,2024-03-09 03:00:00
10817,johnsonjennifer@example.net,Alyssa Robertson,5136,engineer,low,community,2024-03-10 15:00:00
10818,amanda60@example.com,Robert Anderson,5079,engineer,medium,community,2024-11-04 18:00:00
10819,jacksonamanda@example.org,James Woods,5070,devops,low,partner,2024-12-14 21:00:00
10820,warrenruben@example.org,Randy Lee DDS,5070,product_manager,low,partner,2024-06-17 10:00:00
10821,patrickwilliams@example.org,John Dalton,5126,cto,low,influencer,2024-01-06 16:00:00
10822,moniquesmith@example.org,Robert Fletcher,5133,engineer,medium,customer,2024-03-19 05:00:00
10823,mikejones@example.net,Richard Adkins,5183,influencer,low,hire,2024-05-05 01:00:00
10824,livingstonbrittney@example.com,Ricardo Daniel,5138,data_scientist,medium,partner,2024-06-06 02:00:00
10825,richardday@example.org,Larry Collins,5140,student,low,community,2024-06-27 00:00:00
10826,smithlindsay@example.org,Maria Miller,5086,devops,low,influencer,2024-03-01 06:00:00
10827,martin50@example.net,Lauren Stewart,5024,product_manager,medium,customer,2024-08-05 06:00:00
10828,xsmith@example.net,Andrea Gonzalez,5123,data_scientist,low,partner,2024-01-15 18:00:00
10829,lopezdylan@example.org,Morgan Ferguson,5107,influencer,medium,partner,2024-12-03 20:00:00
10830,dianalevy@example.net,Michael Lara,5085,engineer,medium,partner,2024-07-29 04:00:00
10831,tinabarnes@example.org,Joseph Barnes,5168,engineer,low,hire,2024-08-03 09:00:00
10832,caldwelljeremy@example.org,Paige Gregory,5174,consultant,low,customer,2024-06-24 23:00:00
10833,antonio58@example.com,Robert Jones,5008,devops,low,partner,2024-12-20 08:00:00
10834,timothysantiago@example.org,Aaron Robinson,5172,data_scientist,high,community,2024-04-11 07:00:00
10835,ihammond@example.com,Paul Moore,5175,product_manager,low,partner,2024-02-14 13:00:00
10836,ssimmons@example.com,William Bonilla,5027,devops,high,community,2024-05-06 09:00:00
10837,reginald64@example.org,Andrea Buck,5011,engineer,low,customer,2024-09-14 19:00:00
10838,iwoods@example.org,Charles Jackson,5010,ceo,high,customer,2024-01-23 04:00:00
10839,hodenise@example.com,Eddie Lucas,5177,engineer,low,hire,2024-06-29 16:00:00
10840,brian67@example.com,Ashley David,5099,data_scientist,medium,hire,2024-03-11 04:00:00
10841,isaac74@example.net,Timothy Prince,5018,researcher,low,customer,2024-06-01 17:00:00
10842,burchtamara@example.net,Justin Montgomery MD,5170,engineer,low,customer,2024-08-06 17:00:00
10843,jonathanmarshall@example.com,Johnathan Durham,5166,engineer,medium,hire,2024-01-19 03:00:00
10844,rnelson@example.net,John Jones,5142,ceo,high,community,2024-01-18 09:00:00
10845,tinacochran@example.org,Shawn West,5151,product_manager,low,community,2024-09-30 21:00:00
10846,mestrada@example.com,Anna Garcia,5097,researcher,medium,community,2024-09-07 11:00:00
10847,gkelly@example.com,Douglas Baker,5149,consultant,medium,community,2024-09-17 09:00:00
10848,joseph27@example.org,Matthew Thomas,5096,consultant,low,partner,2024-11-07 19:00:00
10849,murphybradley@example.com,Karen Dougherty,5004,product_manager,low,influencer,2024-11-12 16:00:00
10850,johnsonsarah@example.com,Aaron Wilson,5019,ceo,medium,customer,2024-08-01 16:00:00
10851,dustingarner@example.net,Jessica Lee,5109,cto,low,community,2024-04-03 13:00:00
10852,shannon04@example.org,James Wolf,5084,researcher,low,influencer,2024-07-20 18:00:00
10853,wardstephanie@example.com,Keith Cannon,5107,data_scientist,medium,community,2024-06-18 02:00:00
10854,bobby26@example.net,Kevin Stuart,5106,ceo,low,customer,2024-04-27 18:00:00
10855,vmorris@example.org,Scott Miller,5146,cto,medium,customer,2024-12-17 20:00:00
10856,scurry@example.com,Jamie Lindsey,5078,consultant,low,hire,2024-05-04 02:00:00
10857,colemanmelissa@example.net,Sandra Castillo,5154,student,medium,customer,2024-02-07 05:00:00
10858,mary74@example.org,Heather Burch,5005,product_manager,medium,community,2024-08-23 18:00:00
10859,robinsontyler@example.org,Hunter Williams,5118,engineer,low,influencer,2024-12-28 12:00:00
10860,michellewilcox@example.org,Deanna Anderson,5191,engineer,high,customer,2024-02-25 09:00:00
10861,sloanjames@example.net,Scott Larsen,5101,cto,low,customer,2024-12-19 03:00:00
10862,paulgregory@example.org,Eric Delgado,5013,consultant,medium,customer,2024-06-12 12:00:00
10863,lindageorge@example.org,Matthew Buchanan,5067,ceo,low,partner,2024-05-18 11:00:00
10864,kimberlyperry@example.net,Thomas Payne,5089,devops,low,community,2024-04-27 21:00:00
10865,troy03@example.net,Daniel Tate,5106,consultant,medium,customer,2024-12-23 13:00:00
10866,leslietrujillo@example.org,Hayden Williams,5179,engineer,medium,hire,2024-11-07 12:00:00
10867,andrea97@example.org,Jennifer White,5065,engineer,low,partner,2024-06-22 23:00:00
10868,pruittcynthia@example.com,Christopher David,5160,engineer,low,influencer,2024-11-11 01:00:00
10869,lchavez@example.org,April Mccarthy,5091,consultant,low,influencer,2024-04-30 03:00:00
10870,darlene37@example.com,Christopher Harvey,5131,data_scientist,low,customer,2024-09-26 06:00:00
10871,jonathan47@example.com,Melissa Francis,5076,ceo,low,customer,2024-08-24 12:00:00
10872,kennedysteven@example.net,Chad Baldwin,5148,engineer,medium,customer,2024-04-11 11:00:00
10873,suzanne90@example.net,Rachel Lambert,5036,cto,low,community,2024-06-25 01:00:00
10874,kathyjohnson@example.com,Amanda Johnson,5076,product_manager,low,customer,2024-10-01 13:00:00
10875,jameswilliams@example.net,Jaime Ray,5013,engineer,medium,community,2024-02-10 21:00:00
10876,ivasquez@example.org,Jennifer Stevens,5121,engineer,low,hire,2024-09-13 11:00:00
10877,robert91@example.com,Jodi Conner,5184,consultant,low,partner,2024-10-04 04:00:00
10878,dustinromero@example.net,Christina Williams,5098,researcher,medium,customer,2024-08-17 17:00:00
10879,cassandra12@example.net,Shannon Adams,5091,ceo,medium,customer,2024-12-16 13:00:00
10880,melissa02@example.org,Mitchell Grant,5004,cto,low,hire,2024-08-31 15:00:00
10881,laura09@example.org,Carrie Giles,5010,cto,medium,partner,2024-02-12 20:00:00
10882,ruben98@example.net,Bill Pugh,5142,devops,high,customer,2024-06-10 01:00:00
10883,davislarry@example.com,Kathleen Gates,5195,engineer,medium,community,2024-07-31 13:00:00
10884,williamsjeffrey@example.org,Dr. Becky Duke DVM,5119,engineer,medium,community,2024-07-12 11:00:00
10885,kylekline@example.com,Gregory Grant,5193,engineer,medium,community,2024-05-14 11:00:00
10886,heathermills@example.com,Carolyn Cunningham,5161,engineer,low,customer,2024-09-10 10:00:00
10887,olsonmichael@example.com,Michael Ballard,5053,data_scientist,low,customer,2024-01-02 16:00:00
10888,wpeterson@example.com,Michael Flores MD,5035,consultant,low,partner,2024-05-22 09:00:00
10889,robin68@example.com,Jonathan Camacho,5170,consultant,low,partner,2024-09-23 08:00:00
10890,sbanks@example.net,Charles Jones,5172,influencer,medium,influencer,2024-11-05 11:00:00
10891,kathryn71@example.org,Jessica Krause,5051,ceo,medium,customer,2024-04-15 17:00:00
10892,varnold@example.net,Tina Harris,5054,ceo,low,hire,2024-11-05 19:00:00
10893,stanleygeorge@example.org,Lisa Quinn,5005,engineer,low,influencer,2024-02-02 21:00:00
10894,maria98@example.net,Angela Davis,5021,data_scientist,medium,hire,2024-10-06 00:00:00
10895,erik41@example.org,Connie Nguyen,5082,engineer,low,partner,2024-04-20 18:00:00
10896,beverlycasey@example.com,Dorothy Knight,5116,researcher,low,customer,2024-03-19 06:00:00
10897,simmonscindy@example.com,Tina Nicholson,5004,engineer,low,hire,2024-04-29 21:00:00
10898,james60@example.com,Rebecca Smith,5151,cto,low,partner,2024-07-19 16:00:00
10899,dbuchanan@example.org,Jessica Watts,5051,cto,low,customer,2024-10-02 07:00:00
10900,moorematthew@example.com,Chad Cannon,5112,engineer,medium,customer,2024-02-05 08:00:00
10901,kevinperkins@example.com,Kayla Rodriguez,5086,engineer,low,influencer,2024-07-24 21:00:00
10902,louisbrown@example.com,Norman Chambers,5037,cto,medium,community,2024-04-07 00:00:00
10903,dicksonthomas@example.net,Tommy Garcia,5028,researcher,low,hire,2024-01-28 19:00:00
10904,brandtangela@example.org,Matthew Richards,5144,devops,high,partner,2024-08-30 01:00:00
10905,ipeters@example.com,Melvin Zamora,5158,cto,medium,customer,2024-11-03 04:00:00
10906,xestes@example.net,Terry Rowe,5038,consultant,low,influencer,2024-07-24 13:00:00
10907,renee99@example.com,Kevin Cisneros,5142,engineer,high,customer,2024-08-16 11:00:00
10908,amandaryan@example.com,Travis Cooper,5011,devops,low,community,2024-01-31 01:00:00
10909,morrisonwanda@example.net,Adrian Paul,5085,engineer,low,influencer,2024-10-11 22:00:00
10910,ashleyadams@example.net,Timothy Morgan,5024,devops,medium,community,2024-05-11 00:00:00
10911,travisking@example.net,Shelly Mack,5023,cto,high,customer,2024-08-28 00:00:00
10912,alexrichardson@example.com,David Thompson,5132,cto,medium,influencer,2024-09-26 07:00:00
10913,kristopherwilson@example.com,Sandra Rodriguez,5083,cto,medium,customer,2024-05-10 04:00:00
10914,kturner@example.org,Danielle Wilson,5025,student,low,customer,2024-06-01 05:00:00
10915,moorecurtis@example.com,Heather Hayes,5188,engineer,low,community,2024-11-08 06:00:00
10916,richard90@example.com,David Hill,5131,engineer,medium,customer,2024-04-27 23:00:00
10917,javiermendoza@example.net,Maria Garcia,5091,cto,low,customer,2024-01-08 23:00:00
10918,heather86@example.net,Ann Jensen,5033,student,high,influencer,2024-03-06 05:00:00
10919,ericbaxter@example.com,Scott Good,5146,product_manager,low,customer,2024-10-05 10:00:00
10920,nicole69@example.org,Renee Brown MD,5144,data_scientist,low,hire,2024-08-30 01:00:00
10921,leemary@example.com,Christopher Jones,5062,cto,medium,customer,2024-11-10 21:00:00
10922,thomasrebekah@example.net,Tim Williams,5110,devops,low,hire,2024-04-26 16:00:00
10923,baldwinpatrick@example.net,Richard Schroeder,5162,engineer,low,hire,2024-10-27 14:00:00
10924,smartin@example.net,Sylvia Allen,5043,engineer,medium,community,2024-07-14 23:00:00
10925,brownmary@example.net,Timothy Monroe,5065,ceo,low,influencer,2024-07-31 20:00:00
10926,paul68@example.org,Nicholas Nichols,5196,student,low,influencer,2024-06-06 23:00:00
10927,bpatel@example.org,Dr. Kevin Williams Jr.,5193,student,low,customer,2024-07-27 06:00:00
10928,zfoley@example.com,Sarah Rasmussen,5116,student,low,partner,2024-10-05 12:00:00
10929,sbenson@example.net,Ricardo Webb,5026,student,low,partner,2024-03-27 13:00:00
10930,pamelalucas@example.net,Leslie Hill,5189,engineer,high,community,2024-08-30 12:00:00
10931,jbaldwin@example.org,James Blankenship,5046,researcher,low,customer,2024-07-11 06:00:00
10932,uballard@example.com,Jeffrey Shelton,5091,engineer,medium,customer,2024-07-21 11:00:00
10933,dawn13@example.org,Cindy Jarvis,5014,engineer,low,hire,2024-02-09 11:00:00
10934,qhernandez@example.com,Joann Morales,5006,engineer,high,hire,2024-03-18 05:00:00
10935,meganvega@example.com,Sarah Peters,5119,data_scientist,low,hire,2024-11-16 07:00:00
10936,jordancantu@example.com,Walter Simpson,5106,student,medium,customer,2024-06-25 18:00:00
10937,mckeelisa@example.net,Brian Mcdonald,5115,consultant,low,customer,2024-06-23 01:00:00
10938,jasonduran@example.org,Edward Torres,5198,student,low,influencer,2024-12-03 08:00:00
10939,donna10@example.net,Samuel Mata,5011,engineer,low,customer,2024-02-24 11:00:00
10940,christophertucker@example.com,Morgan Lopez,5183,engineer,low,customer,2024-11-07 09:00:00
10941,destiny30@example.net,Peter Wilson,5079,engineer,medium,influencer,2024-03-15 18:00:00
10942,kimberly78@example.org,Daniel Lee,5125,product_manager,medium,customer,2024-04-17 06:00:00
10943,berryjason@example.net,Angela Perez,5044,engineer,low,customer,2024-03-22 09:00:00
10944,aguirrebeverly@example.com,Joanna Sullivan,5082,ceo,low,customer,2024-01-27 16:00:00
10945,robertmclean@example.org,Alejandro Gross,5012,engineer,low,customer,2024-04-16 13:00:00
10946,caseygentry@example.org,Patrick Randall,5079,engineer,low,community,2024-06-25 15:00:00
10947,jruiz@example.net,Crystal Meza,5106,engineer,low,community,2024-07-09 08:00:00
10948,nicholewilson@example.net,Jonathan Roberts,5136,cto,low,customer,2024-08-16 08:00:00
10949,traciescott@example.com,Dr. April Kelley,5033,data_scientist,medium,community,2024-02-27 17:00:00
10950,stephenfischer@example.net,Stephanie Vaughan,5113,researcher,low,influencer,2024-03-22 06:00:00
10951,johnstewart@example.org,Adam Clark,5041,engineer,low,customer,2024-03-11 08:00:00
10952,nmartin@example.net,Steven Wheeler,5120,data_scientist,medium,hire,2024-03-01 04:00:00
10953,davidnavarro@example.com,Harry Garza,5051,ceo,low,influencer,2024-02-20 15:00:00
10954,zperez@example.net,Ashley Robinson,5020,devops,medium,customer,2024-01-29 02:00:00
10955,cortezkaylee@example.org,Dorothy Parker,5005,ceo,medium,customer,2024-06-30 06:00:00
10956,ncooper@example.org,Eric Cook,5073,student,medium,community,2024-03-05 02:00:00
10957,richmondnancy@example.net,Kelly Smith,5187,devops,low,customer,2024-06-07 05:00:00
10958,sheilabarnett@example.org,Angela Smith,5070,engineer,medium,customer,2024-09-19 00:00:00
10959,delgadomichael@example.com,Tina Brown,5053,engineer,low,community,2024-09-20 09:00:00
10960,prestonlambert@example.net,Janet Vazquez,5171,product_manager,medium,customer,2024-06-12 06:00:00
10961,stephen19@example.org,Patrick Nguyen,5049,engineer,high,hire,2024-04-03 08:00:00
10962,perezmorgan@example.com,Kimberly George,5034,engineer,low,partner,2024-01-10 02:00:00
10963,rachelrodriguez@example.net,Charles Cohen,5098,data_scientist,low,customer,2024-01-06 17:00:00
10964,ashlee88@example.com,Kevin James,5161,ceo,low,customer,2024-05-02 06:00:00
10965,andres19@example.net,Kelly Collins,5171,cto,medium,hire,2024-03-25 16:00:00
10966,richardsanchez@example.net,Kimberly Myers,5067,engineer,low,community,2024-05-01 23:00:00
10967,cory60@example.com,Sarah Berg,5121,engineer,low,partner,2024-05-10 15:00:00
10968,lpena@example.net,Mr. Alexander Ramos,5173,data_scientist,low,community,2024-07-19 00:00:00
10969,cmartin@example.org,Scott Smith,5011,engineer,medium,community,2024-02-08 00:00:00
10970,kathryn85@example.net,Darlene Foley DDS,5185,student,low,influencer,2024-10-22 08:00:00
10971,robert51@example.com,Tina Williams,5138,ceo,low,customer,2024-10-04 11:00:00
10972,robertsimmons@example.com,Lisa Villa,5043,engineer,low,community,2024-11-13 13:00:00
10973,fieldscatherine@example.net,James Gardner,5114,engineer,low,customer,2024-10-03 01:00:00
10974,nbrown@example.net,Jason Blackwell,5013,ceo,high,customer,2024-08-09 10:00:00
10975,rodney67@example.com,Richard Conrad,5048,researcher,low,community,2024-07-01 01:00:00
10976,karen62@example.com,Gary Maxwell,5077,data_scientist,low,customer,2024-12-09 22:00:00
10977,carrollkristen@example.org,David Noble,5061,data_scientist,medium,community,2024-11-06 23:00:00
10978,michele43@example.net,Kristi Mendoza,5024,engineer,low,customer,2024-07-30 19:00:00
10979,kperry@example.com,Jaime Mcmillan,5027,engineer,low,partner,2024-07-15 18:00:00
10980,daniel27@example.com,Austin Alvarez,5014,cto,medium,community,2024-02-09 17:00:00
10981,kleinlarry@example.org,Molly Proctor,5151,student,medium,customer,2024-04-04 10:00:00
10982,stephen41@example.com,Theodore Lewis,5090,engineer,low,customer,2024-04-19 13:00:00
10983,jeremiahlove@example.org,Pamela Johnson,5066,engineer,medium,partner,2024-01-30 22:00:00
10984,kevin57@example.org,Donald Kelly,5065,student,low,community,2024-06-08 16:00:00
10985,schultzmichael@example.com,Carl Sanchez,5175,cto,low,community,2024-10-25 21:00:00
10986,acevedochad@example.org,Katherine Frank,5075,data_scientist,medium,customer,2024-07-07 20:00:00
10987,greggsimon@example.com,Peter Kelly,5006,engineer,low,community,2024-06-03 01:00:00
10988,aaron53@example.net,Randy Hernandez DDS,5187,engineer,medium,community,2024-01-07 22:00:00
10989,toni23@example.org,Shelby Mitchell,5007,data_scientist,medium,hire,2024-11-11 22:00:00
10990,robinsonyvonne@example.net,Stacey Carpenter,5115,product_manager,medium,customer,2024-03-12 20:00:00
10991,berrysarah@example.com,Natalie Brock,5020,researcher,low,partner,2024-10-03 09:00:00
10992,grant85@example.com,Michael Haas,5053,engineer,medium,community,2024-02-01 06:00:00
10993,kenneth44@example.com,Brandon Carney,5128,data_scientist,high,customer,2024-02-16 11:00:00
10994,adam25@example.net,Debra Cook,5039,engineer,low,hire,2024-07-02 11:00:00
10995,usmith@example.net,Tony Chambers,5026,engineer,low,community,2024-04-22 06:00:00
10996,sgregory@example.com,Sheri Russo,5041,cto,low,customer,2024-06-04 11:00:00
10997,umerritt@example.net,Jason Christensen,5049,engineer,high,community,2024-04-23 06:00:00
10998,wpeterson@example.com,Elizabeth Smith,5088,engineer,medium,customer,2024-09-28 19:00:00
10999,patricia09@example.org,Karen Diaz,5033,student,medium,community,2024-05-18 01:00:00
